Date,AAPL,UBER,WMT,JPM,MSFT,UNH,SPY
1/2/2020 16:00:00,75.09,30.99,39.65,141.09,160.62,292.5,324.87
1/3/2020 16:00:00,74.36,31.37,39.3,138.34,158.62,289.54,322.41
1/6/2020 16:00:00,74.95,31.58,39.22,138.23,159.03,291.55,323.64
1/7/2020 16:00:00,74.6,32.81,38.85,135.88,157.58,289.79,322.73
1/8/2020 16:00:00,75.8,33.93,38.72,136.94,160.09,295.9,324.45
1/9/2020 16:00:00,77.41,33.97,39.12,137.44,162.09,294.22,326.65
1/10/2020 16:00:00,77.58,34.01,38.79,136.07,161.34,295.13,325.71
1/13/2020 16:00:00,79.24,34.14,38.63,137.2,163.28,285.85,327.95
1/14/2020 16:00:00,78.17,34.84,38.73,138.8,162.13,288.24,327.45
1/15/2020 16:00:00,77.83,35.01,38.43,136.72,163.18,296.41,328.19
1/16/2020 16:00:00,78.81,34.68,38.63,137.25,166.17,300.74,330.92
1/17/2020 16:00:00,79.68,35.13,38.32,138.2,167.1,298.47,331.95
1/21/2020 16:00:00,79.14,37.6,38.53,136.84,166.5,300.53,331.3
1/22/2020 16:00:00,79.43,37.04,38.7,136.68,165.7,300.59,331.34
1/23/2020 16:00:00,79.81,37.4,38.6,136.54,166.72,299.46,331.72
1/24/2020 16:00:00,79.58,36.8,38.12,133.15,165.04,292.81,328.77
1/27/2020 16:00:00,77.24,36.3,38.62,132.03,162.28,284.09,323.5
1/28/2020 16:00:00,79.42,37.01,38.87,134.43,165.46,285.87,326.89
1/29/2020 16:00:00,81.08,36.99,38.63,134.23,168.04,282.9,326.62
1/30/2020 16:00:00,80.97,36.68,38.86,135.89,172.78,280.98,327.68
1/31/2020 16:00:00,77.38,36.29,38.16,132.36,170.23,272.45,321.73
2/3/2020 16:00:00,77.17,37.59,38.09,133.37,174.38,274.02,324.12
2/4/2020 16:00:00,79.71,38.53,38.42,135.29,180.12,280.84,329.06
2/5/2020 16:00:00,80.36,36.81,38.94,137.59,179.9,295.73,332.86
2/6/2020 16:00:00,81.3,37.09,38.77,137.61,183.63,292.46,333.98
2/7/2020 16:00:00,80.01,40.63,38.82,137.17,183.89,289.22,332.2
2/10/2020 16:00:00,80.39,40.01,38.42,137.74,188.7,287.03,334.68
2/11/2020 16:00:00,79.9,41.27,38.47,138,184.44,290.79,335.26
2/12/2020 16:00:00,81.8,41.25,38.62,138,184.71,303.48,337.42
2/13/2020 16:00:00,81.22,40.09,39.15,137.88,183.71,302.2,337.06
2/14/2020 16:00:00,81.24,39.66,39.3,137.46,185.35,298.78,337.6
2/18/2020 16:00:00,79.75,40.18,39.88,135.64,187.23,302.14,336.73
2/19/2020 16:00:00,80.91,41.05,39.23,137.49,187.28,305.31,338.34
2/20/2020 16:00:00,80.08,40.92,39.23,137.49,184.42,302.13,336.95
2/21/2020 16:00:00,78.26,40.72,39.53,135.81,178.59,301.43,333.48
2/24/2020 16:00:00,74.55,38.31,38.77,132.16,170.89,277.79,322.42
2/25/2020 16:00:00,72.02,35.89,38.13,126.26,168.07,263.39,312.65
2/26/2020 16:00:00,73.16,34.45,37.93,126.64,170.17,263,311.5
2/27/2020 16:00:00,68.38,32.45,36.8,121.37,158.18,253.92,297.51
2/28/2020 16:00:00,68.34,33.87,35.89,116.11,162.01,254.96,296.26
3/2/2020 16:00:00,74.7,32.85,38.63,121.52,172.79,273.11,309.09
3/3/2020 16:00:00,72.33,33.04,37.64,116.96,164.51,261.4,300.24
3/4/2020 16:00:00,75.69,34.53,38.92,119.85,170.55,289.42,312.86
3/5/2020 16:00:00,73.23,32.21,38.64,113.97,166.27,282.96,302.46
3/6/2020 16:00:00,72.26,31.68,39.08,108.08,161.57,283.87,297.46
3/9/2020 16:00:00,66.54,28.17,39.05,93.44,150.62,273.44,274.23
3/10/2020 16:00:00,71.33,28.97,39.93,100.7,160.92,280,288.42
3/11/2020 16:00:00,68.86,26.24,38.14,95.96,153.63,277.78,274.36
3/12/2020 16:00:00,62.06,22.61,34.68,88.05,139.06,250.41,248.11
3/13/2020 16:00:00,69.49,22.6,38.03,103.91,158.83,272.04,269.32
3/16/2020 16:00:00,60.55,20.29,35.59,88.36,135.42,225.04,239.85
3/17/2020 16:00:00,63.22,18.91,39.75,93.76,146.57,244.22,252.8
3/18/2020 16:00:00,61.67,14.82,40.86,83.89,140.4,217.06,240
3/19/2020 16:00:00,61.2,20.49,39.82,85.3,142.71,219.8,240.51
3/20/2020 16:00:00,57.31,21.33,37.99,83.5,137.35,206.59,228.8
3/23/2020 16:00:00,56.09,22.4,38.09,79.03,135.98,194.86,222.95
3/24/2020 16:00:00,61.72,26.39,38.34,88.43,148.34,219.8,243.15
3/25/2020 16:00:00,61.38,26.19,36.47,91.73,146.92,234.49,246.79
3/26/2020 16:00:00,64.61,28.12,36.61,98.12,156.11,255.39,261.2
3/27/2020 16:00:00,61.94,27.28,36.53,91.13,149.7,242.45,253.42
3/30/2020 16:00:00,63.7,27.83,38.4,93.5,160.23,251.28,261.65
3/31/2020 16:00:00,63.57,27.92,37.87,90.03,157.71,249.38,257.75
4/1/2020 16:00:00,60.23,25.42,38.05,84.36,152.11,237.32,246.15
4/2/2020 16:00:00,61.23,23.68,39.55,87.51,155.26,240.44,251.83
4/3/2020 16:00:00,60.35,22.82,39.83,84.05,153.83,229.49,248.19
4/6/2020 16:00:00,65.62,25.99,42.02,89.46,165.27,248.34,264.86
4/7/2020 16:00:00,64.86,25.74,40.66,90.64,163.49,248.04,265.13
4/8/2020 16:00:00,66.52,26.94,40.61,94.3,165.13,267.83,274.03
4/9/2020 16:00:00,67,27.11,40.6,102.76,165.14,264.13,278.2
4/13/2020 16:00:00,68.31,27.99,41.77,98.19,165.51,263.51,275.66
4/14/2020 16:00:00,71.76,27.75,43,95.5,173.7,270.5,283.79
4/15/2020 16:00:00,71.11,27.41,42.92,90.79,171.88,281.68,277.76
4/16/2020 16:00:00,71.67,27.03,44.11,87.33,177.04,298.43,279.1
4/17/2020 16:00:00,70.7,28,44.04,95.18,178.6,290.56,286.64
4/20/2020 16:00:00,69.23,28.19,43.28,91.71,175.06,282.14,281.59
4/21/2020 16:00:00,67.09,27.19,43.07,89.05,167.82,274.19,273.04
4/22/2020 16:00:00,69.03,28.24,43.86,89.34,173.52,277.02,279.1
4/23/2020 16:00:00,68.76,28.33,42.84,89.39,171.42,285.33,279.08
4/24/2020 16:00:00,70.74,29.49,43.15,90.71,174.55,291.29,282.97
4/27/2020 16:00:00,70.79,30.08,42.77,94.62,174.05,293.98,287.05
4/28/2020 16:00:00,69.65,30.12,42.67,95.29,169.81,288.36,285.73
4/29/2020 16:00:00,71.93,31.37,41.2,97.86,177.43,287.65,293.21
4/30/2020 16:00:00,73.45,30.27,40.52,95.76,179.21,292.47,290.48
5/1/2020 16:00:00,72.27,28.39,40.97,93.25,174.57,284.51,282.79
5/4/2020 16:00:00,73.29,27.42,41.23,92.14,178.84,287.54,283.57
5/5/2020 16:00:00,74.39,28.07,41.58,92,180.76,293.04,286.19
5/6/2020 16:00:00,75.16,27.82,41.1,90.27,182.54,288.77,284.25
5/7/2020 16:00:00,75.94,30.93,40.63,91.21,183.6,285,287.68
5/8/2020 16:00:00,77.53,32.79,40.98,92.7,184.68,287,292.44
5/11/2020 16:00:00,78.75,31.64,41.22,89.97,186.74,288.69,292.5
5/12/2020 16:00:00,77.85,32.4,41.26,87.03,182.51,287.7,286.67
5/13/2020 16:00:00,76.91,33.02,41.24,84.03,179.75,278,281.6
5/14/2020 16:00:00,77.39,32.79,41.14,87.52,180.53,290.61,284.97
5/15/2020 16:00:00,76.93,32.47,41.98,85.9,183.16,290.96,286.28
5/18/2020 16:00:00,78.74,33.62,42.55,90.45,184.91,293.36,295
5/19/2020 16:00:00,78.29,33.4,41.65,88.67,183.63,289.05,291.97
5/20/2020 16:00:00,79.81,34.48,41.82,91.33,185.66,287.99,296.93
5/21/2020 16:00:00,79.21,34.26,41.66,90.17,183.43,286.91,294.88
5/22/2020 16:00:00,79.72,34.83,41.44,89.47,183.51,289.94,295.44
5/26/2020 16:00:00,79.18,34.56,41.29,95.82,181.57,294.89,299.08
5/27/2020 16:00:00,79.53,34.88,40.83,101.37,181.81,303.77,303.53
5/28/2020 16:00:00,79.56,34.15,41.23,99.86,181.4,303.97,302.97
5/29/2020 16:00:00,79.49,36.32,41.35,97.31,183.25,304.85,304.32
6/1/2020 16:00:00,80.46,35.82,41.32,98.6,182.83,305.93,305.55
6/2/2020 16:00:00,80.83,35.81,41.31,98.93,184.91,306.31,308.08
6/3/2020 16:00:00,81.28,36.75,41.16,104.27,185.36,305.35,312.18
6/4/2020 16:00:00,80.58,36.43,40.7,106.44,182.92,298.08,311.36
6/5/2020 16:00:00,82.88,37.21,40.52,111.23,187.2,311.85,319.34
6/8/2020 16:00:00,83.37,37.08,40.41,113.45,188.36,309.48,323.2
6/9/2020 16:00:00,86,36.59,40.45,110.54,189.8,309.21,320.79
6/10/2020 16:00:00,88.21,34.83,40.39,106.06,196.84,305.75,319
6/11/2020 16:00:00,83.98,31.1,40.03,97.21,186.27,283.73,300.61
6/12/2020 16:00:00,84.7,32.24,39.25,99.87,187.74,285.15,304.21
6/15/2020 16:00:00,85.75,32.67,39.36,101.25,188.94,286.28,307.05
6/16/2020 16:00:00,88.02,33.49,39.88,102.06,193.57,293,312.96
6/17/2020 16:00:00,87.9,33.29,39.68,99.48,194.24,292.6,311.66
6/18/2020 16:00:00,87.93,33.4,39.33,98.94,196.32,291.48,311.78
6/19/2020 16:00:00,87.43,32.3,39.95,97.81,195.15,291.24,308.64
6/22/2020 16:00:00,89.72,32.68,40.56,96.75,200.57,292.67,310.62
6/23/2020 16:00:00,91.63,33.05,40.36,97.93,201.91,297.6,312.05
6/24/2020 16:00:00,90.02,30.46,40.1,94.66,197.84,289.18,304.09
6/25/2020 16:00:00,91.21,30.58,39.9,97.96,200.34,296.22,307.35
6/26/2020 16:00:00,88.41,29.61,39.44,92.59,196.33,286.88,300.05
6/29/2020 16:00:00,90.45,29.63,39.69,93,198.44,289.76,304.46
6/30/2020 16:00:00,91.2,31.08,39.93,94.06,203.51,294.95,308.36
7/1/2020 16:00:00,91.03,30.43,39.9,93.26,204.7,297.73,310.52
7/2/2020 16:00:00,91.03,30.68,39.74,92.66,206.26,298.26,312.23
7/6/2020 16:00:00,93.46,32.52,39.63,95,210.7,302.81,317.05
7/7/2020 16:00:00,93.17,32.82,42.32,92.32,208.25,296.65,313.78
7/8/2020 16:00:00,95.34,33.93,41.48,93.3,212.83,298.36,316.18
7/9/2020 16:00:00,95.68,33.15,42.58,91.28,214.32,291.16,314.38
7/10/2020 16:00:00,95.92,33.14,43.56,96.27,213.67,291.23,317.59
7/13/2020 16:00:00,95.48,31.72,43.17,97.65,207.07,299.71,314.84
7/14/2020 16:00:00,97.06,30.93,44,98.21,208.35,308.52,318.92
7/15/2020 16:00:00,97.73,32.81,44,99.73,208.04,304.07,321.85
7/16/2020 16:00:00,96.52,32.35,44.07,100.01,203.92,307.15,320.79
7/17/2020 16:00:00,96.33,32.55,43.91,98.16,202.88,306.53,321.72
7/20/2020 16:00:00,98.36,33.66,43.82,97.3,211.6,303.46,324.32
7/21/2020 16:00:00,97,32.55,44.11,99.41,208.75,305.11,325.01
7/22/2020 16:00:00,97.27,32.66,44.22,98.69,211.75,306.71,326.86
7/23/2020 16:00:00,92.85,32.17,43.88,98.98,202.54,302.97,322.96
7/24/2020 16:00:00,92.62,31.18,43.75,98.28,201.3,300.79,320.88
7/27/2020 16:00:00,94.81,30.99,43.74,96.9,203.85,298.6,323.22
7/28/2020 16:00:00,93.25,30.81,43.92,97.32,202.02,299.93,321.17
7/29/2020 16:00:00,95.04,31.02,43.56,99.68,204.06,306.68,325.12
7/30/2020 16:00:00,96.19,30.24,43.37,97.02,203.9,305.23,323.96
7/31/2020 16:00:00,106.26,30.26,43.13,96.64,205.01,302.78,326.52
8/3/2020 16:00:00,108.94,31.19,43.1,96.1,216.54,303.61,328.79
8/4/2020 16:00:00,109.67,32.68,43.88,95.55,213.29,304.5,330.06
8/5/2020 16:00:00,110.06,33.2,43.27,97.21,212.94,312.47,332.11
8/6/2020 16:00:00,113.9,34.71,43.12,97.24,216.35,314.06,334.33
8/7/2020 16:00:00,111.11,32.9,43.32,99.38,212.48,317.03,334.57
8/10/2020 16:00:00,112.73,32.27,43.96,100.64,208.25,319.1,335.57
8/11/2020 16:00:00,109.38,31.21,43.4,103.82,203.38,315.55,332.8
8/12/2020 16:00:00,113.01,30.84,43.96,102.94,209.19,322.27,337.44
8/13/2020 16:00:00,115.01,30.46,43.95,102.37,208.7,321.52,336.83
8/14/2020 16:00:00,114.91,29.99,44.2,102.41,208.9,323.7,336.84
8/17/2020 16:00:00,114.61,29.48,45.2,99.71,210.28,320.51,337.91
8/18/2020 16:00:00,115.56,30.08,44.9,98.32,211.49,316.81,338.64
8/19/2020 16:00:00,115.71,29.42,44.14,98.55,209.7,315.4,337.23
8/20/2020 16:00:00,118.28,31.41,43.52,97.37,214.58,313.33,338.28
8/21/2020 16:00:00,124.37,30.83,43.88,97.32,213.02,314.14,339.48
8/24/2020 16:00:00,125.86,31.04,43.78,100.06,213.69,308.84,342.92
8/25/2020 16:00:00,124.83,31.19,43.54,100.5,216.47,312.22,344.12
8/26/2020 16:00:00,126.52,32.3,43.57,99.09,221.15,308.82,347.57
8/27/2020 16:00:00,125.01,32.8,45.54,102.35,226.58,311.67,348.33
8/28/2020 16:00:00,124.81,33.8,46.77,102.77,228.91,314.37,350.58
8/31/2020 16:00:00,129.04,33.63,46.28,100.19,225.53,312.55,349.31
9/1/2020 16:00:00,134.18,34.3,49.2,100.14,227.27,312.83,352.6
9/2/2020 16:00:00,131.4,34.37,49.23,101.65,231.65,320.24,357.7
9/3/2020 16:00:00,120.88,33.41,48.18,101.33,217.3,316.23,345.39
9/4/2020 16:00:00,120.96,33.24,47.61,103.52,214.25,312,342.57
9/8/2020 16:00:00,112.82,34.32,46.15,99.92,202.66,307.25,333.21
9/9/2020 16:00:00,117.32,35.01,46.63,100.87,211.29,312.02,339.79
9/10/2020 16:00:00,113.49,35.98,45.6,99.83,205.37,304.6,333.89
9/11/2020 16:00:00,112,36.98,45.57,101.07,204.03,301.48,334.06
9/14/2020 16:00:00,115.36,37.95,45.77,102.47,205.41,308.57,338.46
9/15/2020 16:00:00,115.54,37.47,45.79,99.28,208.78,307.23,340.17
9/16/2020 16:00:00,112.13,37.66,45.42,99.7,205.05,306.52,338.82
9/17/2020 16:00:00,110.34,37.06,45.56,98.56,202.91,304.98,335.84
9/18/2020 16:00:00,106.84,37.12,45.1,98.35,200.39,308.02,330.65
9/21/2020 16:00:00,110.08,36.49,45.69,95.31,202.54,299.19,326.97
9/22/2020 16:00:00,111.81,34.4,46.1,94.27,207.42,294.26,330.3
9/23/2020 16:00:00,107.12,33.55,45.33,92.74,200.59,292.14,322.64
9/24/2020 16:00:00,108.22,33.35,45.57,92.66,203.19,292.66,323.5
9/25/2020 16:00:00,112.28,34.46,45.76,93.47,207.82,302.5,328.73
9/28/2020 16:00:00,114.96,35.56,45.75,96.16,209.44,303.23,334.19
9/29/2020 16:00:00,114.09,35.43,45.71,95.35,207.26,304.15,332.37
9/30/2020 16:00:00,115.81,36.48,46.64,96.27,210.33,311.77,334.89
10/1/2020 16:00:00,116.79,37.14,47.69,96.97,212.46,313.07,337.04
10/2/2020 16:00:00,113.02,37.72,46.83,97.89,206.19,311.98,333.84
10/5/2020 16:00:00,116.5,37.14,47.27,99.04,210.38,318.15,339.76
10/6/2020 16:00:00,113.16,36.26,46.88,98.02,205.91,314.45,334.93
10/7/2020 16:00:00,115.08,36.78,46.96,99.73,209.83,323.17,340.76
10/8/2020 16:00:00,114.97,37.34,47.12,101.78,210.58,322.41,343.78
10/9/2020 16:00:00,116.97,37.27,47.59,101.2,215.81,327.84,346.85
10/12/2020 16:00:00,124.4,36.26,48.08,102.44,221.4,329.97,352.43
10/13/2020 16:00:00,121.1,35.56,48.74,100.78,222.86,331.42,350.13
10/14/2020 16:00:00,121.19,35.11,47.98,100.22,220.86,321.85,347.93
10/15/2020 16:00:00,120.71,34.26,48.18,101.72,219.66,324.57,347.5
10/16/2020 16:00:00,119.02,33.72,48.24,101.51,219.66,329.9,347.29
10/19/2020 16:00:00,115.98,34.22,47.65,99.8,214.22,324.22,342.01
10/20/2020 16:00:00,117.51,36.31,47.97,100.37,214.65,323.41,343.38
10/21/2020 16:00:00,116.87,35.2,48.13,99.37,214.8,322.79,342.73
10/22/2020 16:00:00,115.75,36.7,47.85,102.88,214.89,325.73,344.61
10/23/2020 16:00:00,115.04,36.75,47.95,103.81,216.23,330.6,345.78
10/26/2020 16:00:00,115.05,35.49,47.39,101.24,210.08,323.06,339.39
10/27/2020 16:00:00,116.6,34.16,47.62,99.33,213.25,320.51,338.22
10/28/2020 16:00:00,111.2,33.65,46.68,96.54,202.68,308,326.66
10/29/2020 16:00:00,115.32,34.06,46.64,97.17,204.72,303.68,329.98
10/30/2020 16:00:00,108.86,33.41,46.25,98.04,202.47,305.14,326.54
11/2/2020 16:00:00,108.77,34.81,46.8,100.25,202.33,312.1,330.2
11/3/2020 16:00:00,110.44,35.77,47.59,103.41,206.43,321.35,336.03
11/4/2020 16:00:00,114.95,40.99,47.32,100.25,216.39,354.56,343.54
11/5/2020 16:00:00,119.03,41.96,47.82,104.35,223.29,354.4,350.24
11/6/2020 16:00:00,118.69,44.87,48.59,102.96,223.72,347.46,350.16
11/9/2020 16:00:00,116.32,48.18,47.85,116.9,218.39,350,354.56
11/10/2020 16:00:00,115.97,47,48.52,116.52,211.01,353.69,354.04
11/11/2020 16:00:00,119.49,46.23,49.33,114.78,216.55,351.7,356.67
11/12/2020 16:00:00,119.21,46.4,49.41,113.37,215.44,354.41,353.21
11/13/2020 16:00:00,119.26,47.61,50.18,114.08,216.51,355.67,358.1
11/16/2020 16:00:00,120.3,49.21,50.81,117.3,217.23,356.82,362.57
11/17/2020 16:00:00,119.39,48.89,49.79,116.11,214.46,352.1,360.62
11/18/2020 16:00:00,118.03,49.11,49.7,115.25,211.08,344.51,356.28
11/19/2020 16:00:00,118.64,49.26,50.71,115.56,212.42,337,357.78
11/20/2020 16:00:00,117.34,48.43,50.08,114.57,210.39,334.7,355.33
11/23/2020 16:00:00,113.85,50.04,50.31,117.87,210.11,335.06,357.46
11/24/2020 16:00:00,115.17,51.26,50.45,123.32,213.86,336.01,363.22
11/25/2020 16:00:00,116.03,50.8,50.61,122.03,213.87,333.19,362.66
11/27/2020 13:00:00,116.59,50.72,50.53,121.22,215.23,337.94,363.67
11/30/2020 16:00:00,119.05,49.66,50.93,117.88,214.07,336.34,362.06
12/1/2020 16:00:00,122.72,49.63,50.88,119.74,216.21,341.19,366.02
12/2/2020 16:00:00,123.08,53.09,50.17,122.04,215.37,347.56,366.79
12/3/2020 16:00:00,122.94,52.52,49.77,121.24,214.24,348.68,366.69
12/4/2020 16:00:00,122.25,54.86,49.64,122.34,214.36,349.89,369.85
12/7/2020 16:00:00,123.75,53.8,49.37,121.88,214.29,347.86,369.09
12/8/2020 16:00:00,124.38,53.01,49.82,122,216.01,347.86,370.17
12/9/2020 16:00:00,121.78,53.79,49.42,121.05,211.8,344.41,366.85
12/10/2020 16:00:00,123.24,54.35,49.01,120.27,210.52,339.65,366.73
12/11/2020 16:00:00,122.41,52.63,49,119.56,213.26,337.07,366.3
12/14/2020 16:00:00,121.78,51.46,48.55,118.3,214.2,336.13,364.66
12/15/2020 16:00:00,127.88,51,48.53,120.32,214.13,339.67,369.59
12/16/2020 16:00:00,127.81,50.49,48.48,120.67,219.28,339.34,370.17
12/17/2020 16:00:00,128.7,50.63,48.7,119.67,219.42,341.67,372.24
12/18/2020 16:00:00,126.66,50.62,48.65,119.08,218.59,338.38,369.18
12/21/2020 16:00:00,128.23,51.8,48.66,123.55,222.59,336.08,367.86
12/22/2020 16:00:00,131.88,53.78,48.07,121.67,223.94,335.01,367.24
12/23/2020 16:00:00,130.96,53.71,47.74,125.07,221.02,337.59,367.57
12/24/2020 13:00:00,131.97,52.88,47.83,124.52,222.75,340.79,369
12/28/2020 16:00:00,136.69,51.97,48.41,125.34,224.96,345.95,372.17
12/29/2020 16:00:00,134.87,52.27,48.1,125.01,224.15,347.35,371.46
12/30/2020 16:00:00,133.72,53.15,48.06,125.36,221.68,344.99,371.99
12/31/2020 16:00:00,132.69,51,48.05,127.07,222.42,350.68,373.88
1/4/2021 16:00:00,129.41,51.14,48.84,125.87,217.69,349.5,368.79
1/5/2021 16:00:00,131.01,54.01,48.58,125.65,217.9,344.8,371.33
1/6/2021 16:00:00,126.6,52.48,48.89,131.55,212.25,359.27,373.55
1/7/2021 16:00:00,130.92,56.13,48.88,135.87,218.29,365.03,379.1
1/8/2021 16:00:00,132.05,53.28,48.88,136.02,219.62,363.39,381.26
1/11/2021 16:00:00,128.98,54.59,49.1,138.05,217.49,360.75,378.69
1/12/2021 16:00:00,128.8,58.54,49.66,140.22,214.93,357.37,378.77
1/13/2021 16:00:00,130.89,59.4,49.15,140.35,216.34,355.04,379.79
1/14/2021 16:00:00,128.91,56.91,48.99,141.17,213.02,350.53,378.46
1/15/2021 16:00:00,127.14,55.52,48.21,138.64,212.65,351.3,375.7
1/19/2021 16:00:00,127.83,56.3,47.8,138.04,216.44,352.19,378.65
1/20/2021 16:00:00,132.03,56.38,48.5,135.97,224.34,350.84,383.89
1/21/2021 16:00:00,136.87,55.79,48.28,134.83,224.97,355,384.24
1/22/2021 16:00:00,139.07,54.31,48.78,133.79,225.95,347.55,382.88
1/25/2021 16:00:00,142.92,54.29,48.73,132.12,229.53,347.81,384.39
1/26/2021 16:00:00,143.16,51.92,49.17,131.58,232.33,343.11,383.79
1/27/2021 16:00:00,142.06,48.11,47.95,127.86,232.9,332.99,374.41
1/28/2021 16:00:00,137.09,51.58,47.92,130.11,238.93,338.15,377.63
1/29/2021 16:00:00,131.96,50.93,46.83,128.67,231.96,333.58,370.07
2/1/2021 16:00:00,134.14,52.76,46.42,129.62,239.65,334,376.23
2/2/2021 16:00:00,134.99,56.46,46.92,133.61,239.51,338.72,381.55
2/3/2021 16:00:00,133.94,57.12,47.07,135.14,243,337.89,381.85
2/4/2021 16:00:00,137.39,57.85,47.51,138.25,242.01,329.32,386.19
2/5/2021 16:00:00,136.76,58.58,48.12,137.98,242.2,324.51,387.71
2/8/2021 16:00:00,136.91,59.29,48.34,140.14,242.47,324.34,390.51
2/9/2021 16:00:00,136.01,59.61,48.61,139.58,243.77,329.63,390.25
2/10/2021 16:00:00,135.39,63.18,48.04,139.66,242.82,333.4,390.08
2/11/2021 16:00:00,135.13,60.71,48.01,139.27,244.49,333.07,390.71
2/12/2021 16:00:00,135.37,60.63,48.16,141.25,244.99,328.24,392.64
2/16/2021 16:00:00,133.19,60.52,48.55,144.65,243.7,324.62,392.3
2/17/2021 16:00:00,130.84,60.81,49.07,145.1,244.2,326.86,392.39
2/18/2021 16:00:00,129.71,59,45.89,145.59,243.79,328.41,390.72
2/19/2021 16:00:00,129.87,58.39,46.11,148.02,240.97,324.58,390.03
2/22/2021 16:00:00,126,55.31,45.9,149.41,234.51,327.64,387.03
2/23/2021 16:00:00,125.86,56,45.16,150.61,233.27,329.51,387.5
2/24/2021 16:00:00,125.35,53.91,44.4,153.26,234.55,332.21,391.77
2/25/2021 16:00:00,120.99,51.45,43.98,151.18,228.99,328.87,382.33
2/26/2021 16:00:00,121.26,51.75,43.31,147.17,232.38,332.22,380.36
3/1/2021 16:00:00,127.79,54.4,43.79,150.5,236.94,334.65,389.58
3/2/2021 16:00:00,125.12,54.65,43.37,150.01,233.87,334.64,386.54
3/3/2021 16:00:00,122.06,56.11,42.53,152.91,227.56,332.87,381.42
3/4/2021 16:00:00,120.13,53.07,42.51,150.56,226.73,333.81,376.7
3/5/2021 16:00:00,121.42,55.54,43.04,150.91,231.6,347.1,383.63
3/8/2021 16:00:00,116.36,53.2,42.63,152.91,227.39,350.17,381.72
3/9/2021 16:00:00,121.09,55.25,42.96,151.83,233.78,351.98,387.17
3/10/2021 16:00:00,119.98,57.68,44.06,155.13,232.42,349.6,389.58
3/11/2021 16:00:00,121.96,58.95,44.04,154.32,237.13,353.1,393.53
3/12/2021 16:00:00,121.03,60.35,44.71,156.15,235.75,356.02,394.06
3/15/2021 16:00:00,123.99,60.19,44.48,155.37,234.81,353.88,396.41
3/16/2021 16:00:00,125.57,58.85,44.46,153.51,237.71,354.6,395.91
3/17/2021 16:00:00,124.76,56.36,44.09,155.09,237.04,352.18,397.26
3/18/2021 16:00:00,120.53,55.69,43.34,157.65,230.72,362.05,391.48
3/19/2021 16:00:00,119.99,57.08,43.91,155.14,230.35,365.58,389.48
3/22/2021 16:00:00,123.39,55.69,44.12,150.97,235.99,366.86,392.59
3/23/2021 16:00:00,122.54,53.49,44.65,149.46,237.58,368.5,389.5
3/24/2021 16:00:00,120.09,52.57,44.37,150.62,235.46,370.6,387.52
3/25/2021 16:00:00,120.59,53.89,44.67,152.55,232.34,371.09,389.7
3/26/2021 16:00:00,121.21,54.71,45.04,155.09,236.48,376.48,395.98
3/29/2021 16:00:00,121.39,53.35,45.56,152.68,235.24,379.06,395.78
3/30/2021 16:00:00,119.9,53.46,45.25,154.48,231.85,373.56,394.73
3/31/2021 16:00:00,122.15,54.51,45.28,152.23,235.77,372.07,396.33
4/1/2021 16:00:00,123,57.6,45.21,153.71,242.35,367.07,400.61
4/5/2021 16:00:00,125.9,57.4,46.48,153.62,249.07,370.18,406.36
4/6/2021 16:00:00,126.21,58.05,46.7,152.54,247.86,364.37,406.12
4/7/2021 16:00:00,127.9,56.89,46.6,154.93,249.9,365.64,406.59
4/8/2021 16:00:00,130.36,57.83,46.57,155.12,253.25,364.89,408.52
4/9/2021 16:00:00,133,57.68,46.59,156.28,255.85,376.3,411.49
4/12/2021 16:00:00,131.24,59.44,46.6,155.95,255.91,376.28,411.64
4/13/2021 16:00:00,134.43,60.64,46.46,154.09,258.49,374.5,412.86
4/14/2021 16:00:00,132.03,59.23,46.44,151.21,255.59,375.63,411.45
4/15/2021 16:00:00,134.5,60.74,46.72,152.17,259.5,390.01,415.87
4/16/2021 16:00:00,134.16,60.35,46.87,153.3,260.74,391.01,417.26
4/19/2021 16:00:00,134.84,57.85,46.57,152.65,258.74,389.84,415.21
4/20/2021 16:00:00,133.11,55.48,46.93,149.27,258.26,396.53,412.17
4/21/2021 16:00:00,133.5,55.77,47.07,150.54,260.58,398.81,416.07
4/22/2021 16:00:00,131.94,56.28,46.56,147.37,257.17,396.54,412.27
4/23/2021 16:00:00,134.32,57.93,46.63,150.19,261.15,400.31,416.74
4/26/2021 16:00:00,134.72,57.61,45.97,150.56,261.55,395.86,417.61
4/27/2021 16:00:00,134.39,57.16,46.13,151.25,261.97,394.5,417.52
4/28/2021 16:00:00,133.58,58.44,45.96,152.23,254.56,394.59,417.4
4/29/2021 16:00:00,133.48,54.93,46.54,155.19,252.51,401.55,420.06
4/30/2021 16:00:00,131.46,54.77,46.64,153.81,252.18,398.8,417.3
5/3/2021 16:00:00,132.54,54.85,47.37,153.36,251.86,405.9,418.2
5/4/2021 16:00:00,127.85,52.99,46.91,155.48,247.79,411.34,415.62
5/5/2021 16:00:00,128.1,51.18,46.87,157.52,246.47,412.5,415.75
5/6/2021 16:00:00,129.74,46.65,47.02,160.69,249.73,414.97,419.07
5/7/2021 16:00:00,130.21,47.03,46.73,161.24,252.46,417.65,422.12
5/10/2021 16:00:00,126.85,45.79,46.94,161.22,247.18,420.89,417.94
5/11/2021 16:00:00,125.91,46.21,46.52,158.54,246.23,411.7,414.21
5/12/2021 16:00:00,122.77,43.81,45.31,157.45,239,405.37,405.41
5/13/2021 16:00:00,124.97,44.48,46.08,161.5,243.03,408.56,410.28
5/14/2021 16:00:00,127.45,47.42,46.51,164.01,248.15,409.8,416.58
5/17/2021 16:00:00,126.27,47.51,46.3,164.67,245.18,408.63,415.52
5/18/2021 16:00:00,124.85,49.17,47.3,162.35,243.08,410.38,411.94
5/19/2021 16:00:00,124.69,49.47,47.31,161.11,243.12,409.5,410.86
5/20/2021 16:00:00,127.31,49.33,47.47,160.83,246.48,408.64,415.28
5/21/2021 16:00:00,125.43,48.82,47.25,162.66,245.17,411.63,414.94
5/24/2021 16:00:00,127.1,50.03,47.25,163.54,250.78,410.95,419.17
5/25/2021 16:00:00,126.9,50.46,47.45,161.85,251.72,413.05,418.24
5/26/2021 16:00:00,126.85,51.12,47.39,161.83,251.49,413.21,419.07
5/27/2021 16:00:00,125.28,50.71,47.23,164.35,249.31,412.7,419.29
5/28/2021 16:00:00,124.61,50.83,47.34,164.24,249.68,411.92,420.04
6/1/2021 16:00:00,124.28,50.98,47.22,166.05,247.4,406.72,419.67
6/2/2021 16:00:00,125.06,50.79,47.12,166.06,247.3,405.85,420.33
6/3/2021 16:00:00,123.54,48.7,47.2,166.17,245.71,407.96,418.77
6/4/2021 16:00:00,125.89,50.18,47.28,166.44,250.79,405.64,422.6
6/7/2021 16:00:00,125.9,50.76,46.97,165.66,253.81,400.25,422.19
6/8/2021 16:00:00,126.74,49.88,46.61,165,252.57,401.74,422.28
6/9/2021 16:00:00,127.13,49.14,46.36,162.94,253.59,401.1,421.65
6/10/2021 16:00:00,126.11,49.55,46.63,160.4,257.24,401.49,423.61
6/11/2021 16:00:00,127.35,50.01,46.92,160.29,257.89,397.89,424.31
6/14/2021 16:00:00,130.48,50.77,46.85,157.57,259.89,399.16,425.26
6/15/2021 16:00:00,129.64,49.3,46.67,155.18,258.36,400.28,424.48
6/16/2021 16:00:00,130.15,48.89,45.72,156.27,257.38,397.25,422.11
6/17/2021 16:00:00,131.79,49.7,45.91,151.76,260.9,397.35,421.97
6/18/2021 16:00:00,130.46,49.7,45.06,147.92,259.43,389.37,414.92
6/21/2021 16:00:00,132.3,48.12,45.47,150.43,262.63,398.07,420.86
6/22/2021 16:00:00,133.98,49.05,45.68,150.21,265.51,398.69,423.11
6/23/2021 16:00:00,133.7,50.51,45.32,151.12,265.27,395.56,422.6
6/24/2021 16:00:00,133.41,50.82,45.64,152.51,266.69,398.87,425.1
6/25/2021 16:00:00,133.11,51.73,46.18,154.05,265.02,404.95,426.61
6/28/2021 16:00:00,134.78,51.11,46.03,154.33,268.72,401.46,427.47
6/29/2021 16:00:00,136.33,50.76,45.77,154.14,271.4,398.1,427.7
6/30/2021 16:00:00,136.96,50.12,47.01,155.54,270.9,400.44,428.06
7/1/2021 16:00:00,137.27,50.59,46.44,157.08,271.6,404.89,430.43
7/2/2021 16:00:00,139.96,51.71,46.7,156.03,277.65,409.36,433.72
7/6/2021 16:00:00,142.02,50.8,46.65,153.41,277.66,410.26,432.93
7/7/2021 16:00:00,144.57,48.68,46.57,153.59,279.93,411.66,434.46
7/8/2021 16:00:00,143.24,47.55,46.53,150.94,277.42,409.95,430.92
7/9/2021 16:00:00,145.11,49.07,46.77,155.77,277.94,412.11,435.52
7/12/2021 16:00:00,144.5,48.41,46.68,158,277.32,416.04,437.08
7/13/2021 16:00:00,145.64,48.08,46.86,155.65,280.98,418.54,435.59
7/14/2021 16:00:00,149.15,47.15,47.18,155.12,282.51,414.74,436.24
7/15/2021 16:00:00,148.48,46.42,47.22,155.46,281.03,420.05,434.75
7/16/2021 16:00:00,146.39,46.19,47.19,151.91,280.75,419.7,431.34
7/19/2021 16:00:00,142.45,45.56,47.08,146.97,277.01,409.06,424.97
7/20/2021 16:00:00,146.15,46.32,47.29,149.71,279.32,412.97,431.06
7/21/2021 16:00:00,145.4,47.52,47.06,152.86,281.4,414.64,434.55
7/22/2021 16:00:00,146.8,47.57,47.09,150.93,286.14,415.77,435.46
7/23/2021 16:00:00,148.56,47.46,47.48,150.64,289.67,417.7,439.94
7/26/2021 16:00:00,148.99,46.81,47.54,151.65,289.05,413.54,441.02
7/27/2021 16:00:00,146.77,45.82,47.55,151.45,286.54,415.1,439.01
7/28/2021 16:00:00,144.98,46.14,47.35,151.7,286.22,409.17,438.83
7/29/2021 16:00:00,145.64,44.69,47.41,153,286.5,412.08,440.65
7/30/2021 16:00:00,145.86,43.46,47.52,151.78,284.91,412.22,438.51
8/2/2021 16:00:00,145.52,43.49,47.41,151.17,284.82,415.57,437.59
8/3/2021 16:00:00,147.36,42.79,47.94,152.89,287.12,421.9,441.15
8/4/2021 16:00:00,146.95,41.81,47.61,151.24,286.51,421.54,438.98
8/5/2021 16:00:00,147.06,43.07,48.5,153.15,289.52,411.19,441.76
8/6/2021 16:00:00,146.14,44.28,48.41,157.5,289.46,415.12,442.49
8/9/2021 16:00:00,146.09,43.25,48.53,157.33,288.33,410.87,442.13
8/10/2021 16:00:00,145.6,43.5,49.56,159.26,286.44,411.78,442.68
8/11/2021 16:00:00,145.86,43.08,50,161.16,286.95,407.74,443.78
8/12/2021 16:00:00,148.89,42.73,49.69,161.79,289.81,405.96,445.11
8/13/2021 16:00:00,149.1,42.22,49.84,159.98,292.85,409.67,445.92
8/16/2021 16:00:00,151.12,41.5,50.25,158.93,294.6,417.21,446.97
8/17/2021 16:00:00,150.19,41,50.23,157.01,293.08,421.78,444.04
8/18/2021 16:00:00,146.36,40.88,49.7,155.58,290.73,417.32,439.18
8/19/2021 16:00:00,146.7,39.86,50.04,154.28,296.77,427.89,439.86
8/20/2021 16:00:00,148.19,39.95,50.48,154.72,304.36,429.71,443.36
8/23/2021 16:00:00,149.71,41,50.15,156.7,304.65,425.36,447.26
8/24/2021 16:00:00,149.62,40.17,49.63,157.67,302.62,423.41,447.97
8/25/2021 16:00:00,148.36,41.55,49.65,160.92,302.01,419.74,448.91
8/26/2021 16:00:00,147.54,40.62,49.12,161.75,299.09,416.85,446.26
8/27/2021 16:00:00,148.6,40.69,48.84,163.05,299.72,418.76,450.25
8/30/2021 16:00:00,153.12,39.59,49.23,160.44,303.59,418.3,452.23
8/31/2021 16:00:00,151.83,39.14,49.37,159.95,301.88,416.27,451.56
9/1/2021 16:00:00,152.51,40.62,49.26,159.72,301.83,417.35,451.8
9/2/2021 16:00:00,153.65,41.4,49.52,160.46,301.15,423.71,453.19
9/3/2021 16:00:00,154.3,40.32,49.75,159.49,301.14,422.86,453.08
9/7/2021 16:00:00,156.69,40.95,49.09,159.21,300.18,421.24,451.46
9/8/2021 16:00:00,155.11,40.07,49.15,158.5,300.21,415.39,450.91
9/9/2021 16:00:00,154.07,40.35,48.81,159.19,297.25,414.55,448.98
9/10/2021 16:00:00,148.97,39.89,48.63,157.36,295.71,403.91,445.44
9/13/2021 16:00:00,149.55,40.07,48.35,159.86,296.99,414.52,446.58
9/14/2021 16:00:00,148.12,39.01,48.1,157.07,299.79,412.54,444.17
9/15/2021 16:00:00,149.03,38.48,48.18,158.16,304.82,417.52,447.88
9/16/2021 16:00:00,148.79,39.52,48.34,158.09,305.22,416.84,447.17
9/17/2021 16:00:00,146.06,39.75,48.24,157.68,299.87,420.16,441.4
9/20/2021 16:00:00,142.94,39.79,47.58,152.96,294.3,412.7,434.04
9/21/2021 16:00:00,143.43,44.36,47.67,152.98,294.8,412.34,433.63
9/22/2021 16:00:00,145.85,44.87,47.56,155.91,298.58,408.7,437.86
9/23/2021 16:00:00,146.83,45.48,47.59,161.18,299.56,408.03,443.18
9/24/2021 16:00:00,146.92,46.63,47.72,163.04,299.35,407.08,443.91
9/27/2021 16:00:00,145.37,47.25,47.42,166.98,294.17,405.27,442.64
9/28/2021 16:00:00,141.91,45.98,46.83,166.08,283.52,398.62,433.72
9/29/2021 16:00:00,142.83,44.52,46.81,165.95,284,400.41,434.45
9/30/2021 16:00:00,141.5,44.8,46.46,163.69,281.92,390.74,429.14
10/1/2021 16:00:00,142.65,47.05,45.68,167.13,289.1,392.43,434.24
10/4/2021 16:00:00,139.14,45.72,45.24,166.95,283.11,387.01,428.64
10/5/2021 16:00:00,141.11,45.61,45.54,168.66,288.76,393.43,433.1
10/6/2021 16:00:00,142,47.01,45.87,169.02,293.11,394.25,434.9
10/7/2021 16:00:00,143.29,47.91,46.41,170.09,294.85,404.7,438.66
10/8/2021 16:00:00,142.9,47.77,46.55,170.22,294.85,408.46,437.86
10/11/2021 16:00:00,142.81,46.29,46.51,166.64,294.23,404.99,434.69
10/12/2021 16:00:00,141.51,46.72,46.46,165.36,292.88,403.24,433.62
10/13/2021 16:00:00,140.91,46.41,46.12,161,296.31,403.55,435.18
10/14/2021 16:00:00,143.76,47.28,46.62,163.47,302.75,420.36,442.5
10/15/2021 16:00:00,144.84,48.36,46.85,166.61,304.21,428.07,445.87
10/18/2021 16:00:00,146.55,47.07,47.23,166.55,307.29,424.62,447.19
10/19/2021 16:00:00,148.76,47.05,48.23,168.57,308.23,424.38,450.64
10/20/2021 16:00:00,149.26,46,48.67,170.84,307.41,435.09,452.41
10/21/2021 16:00:00,149.48,46.47,48.94,169.5,310.76,442.28,453.59
10/22/2021 16:00:00,148.69,45.51,49.45,171.78,309.16,449.16,453.12
10/25/2021 16:00:00,148.64,45.72,50.02,170.94,308.13,449.49,455.55
10/26/2021 16:00:00,149.32,46.02,49.58,171.4,310.11,454.64,455.96
10/27/2021 16:00:00,148.85,44.73,49.18,167.83,323.17,453.48,453.94
10/28/2021 16:00:00,152.57,44.62,49.48,170.36,324.35,455.44,458.32
10/29/2021 16:00:00,149.8,43.82,49.81,169.89,331.62,460.47,459.25
11/1/2021 16:00:00,148.96,44.36,49.93,169.8,329.37,454.11,460.04
11/2/2021 16:00:00,150.02,42.89,49.91,170.47,333.13,452.04,461.9
11/3/2021 16:00:00,151.49,45.72,50.06,170.53,334,457.33,464.72
11/4/2021 16:00:00,150.96,45.27,50.43,168.29,336.44,456.76,466.91
11/5/2021 16:00:00,151.28,47.19,50.08,168.05,336.06,455.81,468.53
11/8/2021 16:00:00,150.44,45.89,49.76,169.06,336.99,462.62,468.93
11/9/2021 16:00:00,150.81,45.51,49.93,169.06,335.95,464.35,467.38
11/10/2021 16:00:00,147.92,43.38,49.48,167.62,330.8,459.9,463.62
11/11/2021 16:00:00,147.87,43.28,49.5,167.61,332.43,457.39,463.77
11/12/2021 16:00:00,149.99,45.12,49.25,166.86,336.72,458.99,467.27
11/15/2021 16:00:00,150,43.61,48.97,166.56,336.07,450.8,467.43
11/16/2021 16:00:00,151,45.76,47.72,165.36,339.51,449.62,469.28
11/17/2021 16:00:00,153.49,44.11,47.31,164.47,339.12,448.95,468.14
11/18/2021 16:00:00,157.87,45,47.72,163.05,341.27,449.47,469.73
11/19/2021 16:00:00,160.55,44.23,47.46,160.92,343.11,440,468.89
11/22/2021 16:00:00,161.02,42.6,48.26,164.35,339.83,437.54,467.57
11/23/2021 16:00:00,161.41,42.68,48.6,168.28,337.68,447.13,468.19
11/24/2021 16:00:00,161.94,42.08,48.85,166.96,337.91,450.16,469.44
11/26/2021 13:00:00,156.81,40.52,48.3,161.93,329.68,439.91,458.97
11/29/2021 16:00:00,160.24,39.7,47.54,161.23,336.63,452,464.6
11/30/2021 16:00:00,165.3,38,46.88,158.83,330.59,444.22,455.56
12/1/2021 16:00:00,164.77,36.02,45.71,157.89,330.08,444.34,450.5
12/2/2021 16:00:00,163.76,38.12,45.16,161.21,329.49,446.02,457.4
12/3/2021 16:00:00,161.84,35.85,45.84,158.29,323.01,449.32,453.42
12/6/2021 16:00:00,165.32,38.49,46.33,160.16,326.19,460.11,458.79
12/7/2021 16:00:00,171.18,38.08,46.18,162.57,334.92,464.73,468.28
12/8/2021 16:00:00,175.08,38.81,45.72,160.71,334.97,468.86,469.52
12/9/2021 16:00:00,174.56,37.54,46.17,160.46,333.1,473.32,466.35
12/10/2021 16:00:00,179.45,36.67,47.01,159.82,342.54,478.23,470.74
12/13/2021 16:00:00,175.74,35.73,47.86,157.92,339.4,478.14,466.57
12/14/2021 16:00:00,174.33,37.26,48.31,159.13,328.34,479.46,463.36
12/15/2021 16:00:00,179.3,37.83,48.59,157.94,334.65,494.38,470.6
12/16/2021 16:00:00,172.26,37.7,47.78,160.41,324.9,492.86,466.45
12/17/2021 16:00:00,171.14,39.68,46.25,156.76,323.8,487.12,459.87
12/20/2021 16:00:00,169.75,39.7,46.4,153.94,319.91,483.73,454.98
12/21/2021 16:00:00,172.99,41.97,46.54,156.09,327.29,487.21,463.06
12/22/2021 16:00:00,175.64,43.02,46.6,156.7,333.2,494.13,467.69
12/23/2021 16:00:00,176.28,43.91,46.5,157.26,334.69,495.38,470.6
12/27/2021 16:00:00,180.33,42.96,46.92,158.16,342.45,499.5,477.26
12/28/2021 16:00:00,179.29,42.54,47.59,158.64,341.25,502.94,476.87
12/29/2021 16:00:00,179.38,42.46,47.57,158.56,341.95,505.58,477.48
12/30/2021 16:00:00,178.2,42.66,47.72,158.48,339.32,504.43,476.16
12/31/2021 16:00:00,177.57,41.93,48.23,158.35,336.32,502.14,474.96
1/3/2022 16:00:00,182.01,43.95,48.22,161.7,334.75,502.28,477.71
1/4/2022 16:00:00,179.7,44.42,47.33,167.83,329.01,490.9,477.55
1/5/2022 16:00:00,174.92,43.24,47.97,163.78,316.38,489.69,468.38
1/6/2022 16:00:00,172,42.03,47.84,165.52,313.88,469.65,467.94
1/7/2022 16:00:00,172.17,41.51,48.3,167.16,314.04,458.6,466.09
1/10/2022 16:00:00,172.19,42.6,48.2,167.32,314.27,465,465.51
1/11/2022 16:00:00,175.08,43.62,48.07,167.49,314.98,469,469.75
1/12/2022 16:00:00,175.53,43.04,47.81,168.44,318.27,473.72,471.02
1/13/2022 16:00:00,172.19,42.87,48.49,168.23,304.8,467.43,464.53
1/14/2022 16:00:00,173.07,41.51,48.35,157.89,310.2,468.69,464.72
1/18/2022 16:00:00,169.8,38.41,47.51,151.27,302.65,460.99,456.49
1/19/2022 16:00:00,166.23,37.86,47.98,148.93,303.33,462.52,451.75
1/20/2022 16:00:00,164.51,37.82,47.07,147.66,301.6,463,446.75
1/21/2022 16:00:00,162.41,35.94,46.73,145.08,296.03,461.17,437.98
1/24/2022 16:00:00,161.62,36.28,46.73,144.95,296.37,462.27,439.84
1/25/2022 16:00:00,159.78,34.82,45.72,146.53,288.49,456.84,434.47
1/26/2022 16:00:00,159.69,34.8,45.25,147.92,296.71,458.43,433.38
1/27/2022 16:00:00,159.22,34.09,45.28,145.31,299.84,461.6,431.24
1/28/2022 16:00:00,170.33,35.21,45.84,146.61,308.26,466.06,441.95
1/31/2022 16:00:00,174.78,37.4,46.6,148.6,310.98,472.57,449.91
2/1/2022 16:00:00,174.61,38.61,46.97,151.15,308.76,468.41,452.95
2/2/2022 16:00:00,175.84,37.17,46.95,149.94,313.46,479.78,457.35
2/3/2022 16:00:00,172.9,34.54,47,148.7,301.25,488.77,446.6
2/4/2022 16:00:00,172.39,37.05,46.44,152.56,305.94,483.17,448.7
2/7/2022 16:00:00,171.66,37.54,45.99,153.07,300.95,483.7,447.26
2/8/2022 16:00:00,174.83,38.34,46,155.95,304.56,493.41,450.94
2/9/2022 16:00:00,176.28,40.19,45.9,156.6,311.21,498.1,457.54
2/10/2022 16:00:00,172.12,37.75,45.36,155.95,302.38,486.72,449.32
2/11/2022 16:00:00,168.64,35.29,45.11,153.92,295.04,478.13,440.46
2/14/2022 16:00:00,168.88,34.59,44.65,152.49,295,474.4,439.02
2/15/2022 16:00:00,172.79,37.09,44.79,154.72,300.47,478.23,446.1
2/16/2022 16:00:00,172.55,36.58,44.51,155,299.5,480.05,446.6
2/17/2022 16:00:00,168.88,35.71,46.29,151.43,290.73,470.34,437.06
2/18/2022 16:00:00,167.3,34.68,46,152.14,287.93,467.81,434.23
2/22/2022 16:00:00,164.32,33.68,45.48,151.87,287.72,462.51,429.57
2/23/2022 16:00:00,160.07,32.39,45.02,148.69,280.27,459.62,421.95
2/24/2022 16:00:00,162.74,34.87,44.84,144.55,294.59,455.89,428.3
2/25/2022 16:00:00,164.85,34.98,45.46,147.97,297.31,475.75,437.75
2/28/2022 16:00:00,165.12,36.03,45.05,141.8,298.79,475.87,436.63
3/1/2022 16:00:00,163.2,33.89,45.33,136.45,294.95,476.25,429.98
3/2/2022 16:00:00,166.56,34.04,45.39,139.28,300.19,485.38,437.89
3/3/2022 16:00:00,166.23,31.72,46.43,138.29,295.92,486.59,435.71
3/4/2022 16:00:00,163.17,29.83,47.61,134.4,289.86,498.65,432.17
3/7/2022 16:00:00,159.3,28.57,47.22,129.21,278.91,486.87,419.43
3/8/2022 16:00:00,157.44,30.74,46.25,128.3,275.85,473.46,416.25
3/9/2022 16:00:00,162.95,31.5,46.49,133.44,288.5,485.57,427.41
3/10/2022 16:00:00,158.52,30.41,47.54,131.86,285.59,491.44,425.48
3/11/2022 16:00:00,154.73,30.76,47.36,128.89,280.07,482.87,420.07
3/14/2022 16:00:00,150.62,29.27,48.02,130.17,276.44,487.92,417
3/15/2022 16:00:00,155.09,29.8,48.59,132.48,287.15,497.91,426.17
3/16/2022 16:00:00,159.59,32.61,48.45,138.4,294.39,498.26,435.62
3/17/2022 16:00:00,160.62,32.85,48.34,140.15,295.22,507.02,441.07
3/18/2022 16:00:00,163.98,33.36,48.48,140.1,300.43,506.12,444.52
3/21/2022 16:00:00,165.38,31.98,48.08,139.65,299.16,507.66,444.39
3/22/2022 16:00:00,168.82,33.35,47.93,142.62,304.06,505.32,449.59
3/23/2022 16:00:00,170.21,33.06,47.32,139.78,299.49,503.23,443.8
3/24/2022 16:00:00,174.07,34.7,47.61,140.69,304.1,513.46,450.49
3/25/2022 16:00:00,174.72,34.06,47.82,141.92,303.68,513.03,452.69
3/28/2022 16:00:00,175.6,34.77,48.67,140.87,310.7,513.2,455.91
3/29/2022 16:00:00,178.96,37.19,49.08,141.18,315.41,510.73,461.55
3/30/2022 16:00:00,177.77,36.58,49.96,140.54,313.86,520.82,458.7
3/31/2022 16:00:00,174.61,35.68,49.64,136.32,308.31,509.97,451.64
4/1/2022 16:00:00,174.31,35.98,50.34,135.31,309.42,512.59,452.92
4/4/2022 16:00:00,178.44,36.51,50.35,135.91,314.97,510.02,456.8
4/5/2022 16:00:00,175.06,34.96,50.49,133.34,310.88,517.76,451.03
4/6/2022 16:00:00,171.83,33.41,51.66,131.49,299.5,531.75,446.52
4/7/2022 16:00:00,172.14,32.27,52.18,131.09,301.37,536.95,448.77
4/8/2022 16:00:00,170.09,32.05,52.47,133.49,296.97,545.96,447.57
4/11/2022 16:00:00,165.75,32.04,51.43,133,285.26,537.44,439.92
4/12/2022 16:00:00,167.66,31.99,51.08,131.54,282.06,533.71,438.29
4/13/2022 16:00:00,170.4,32.63,52.41,127.3,287.62,537,443.31
4/14/2022 16:00:00,165.29,32.68,52.36,126.12,279.83,534.82,437.79
4/18/2022 16:00:00,165.07,31.79,51.96,128.46,280.52,534.08,437.97
4/19/2022 16:00:00,167.4,33.8,52.55,131.12,285.3,537.7,445.04
4/20/2022 16:00:00,167.23,33.21,53.21,131.58,286.36,546.01,444.71
4/21/2022 16:00:00,166.42,31.68,53.29,130.56,280.81,537.44,438.06
4/22/2022 16:00:00,161.79,30.83,52.29,126.81,274.03,520.94,426.04
4/25/2022 16:00:00,162.88,32.44,52.31,126.77,280.72,524.27,428.51
4/26/2022 16:00:00,156.8,31.33,51.77,123.02,270.22,513.78,416.1
4/27/2022 16:00:00,156.57,30.68,51.41,121.42,283.22,513.81,417.27
4/28/2022 16:00:00,163.64,32.82,52.07,123.34,289.63,524.42,427.81
4/29/2022 16:00:00,157.65,31.48,51,119.36,277.52,508.55,412
5/2/2022 16:00:00,157.96,30.39,50.66,120.45,284.47,501.15,414.48
5/3/2022 16:00:00,159.48,29.47,50.84,123.03,281.78,499.62,416.38
5/4/2022 16:00:00,166.02,28.1,51.54,127.1,289.98,507.62,429.06
5/5/2022 16:00:00,156.77,26.83,50.91,123.92,277.35,494.72,413.81
5/6/2022 16:00:00,157.28,26.07,49.85,123.72,274.73,499.62,411.34
5/9/2022 16:00:00,152.06,23.05,50.44,121.86,264.58,486.42,398.17
5/10/2022 16:00:00,154.51,23.67,49.73,118.89,269.5,488.01,399.09
5/11/2022 16:00:00,146.5,22.57,49.21,118.14,260.55,486.15,392.75
5/12/2022 16:00:00,142.56,23.29,49.16,118.04,255.35,478.8,392.34
5/13/2022 16:00:00,147.11,24.39,49.35,119.09,261.12,485.4,401.72
5/16/2022 16:00:00,145.54,23.59,49.4,118.26,261.5,489.22,400.09
5/17/2022 16:00:00,149.24,24.2,43.78,122.18,266.82,492.53,408.32
5/18/2022 16:00:00,140.82,22.46,40.81,120.09,254.08,471.38,391.86
5/19/2022 16:00:00,137.35,23.24,39.69,118.31,253.14,478.55,389.46
5/20/2022 16:00:00,137.59,23.35,39.73,117.34,252.56,485.73,389.63
5/23/2022 16:00:00,143.11,23.78,40.87,124.6,260.65,492.08,396.92
5/24/2022 16:00:00,140.36,21.55,41.38,126.36,259.62,497.56,393.89
5/25/2022 16:00:00,140.52,22.04,41.12,127.24,262.52,498.09,397.37
5/26/2022 16:00:00,143.78,23.1,42,129.44,265.9,502.23,405.31
5/27/2022 16:00:00,149.64,23.67,42.83,131.27,273.24,507.11,415.26
5/31/2022 16:00:00,148.84,23.2,42.88,132.23,271.87,496.78,412.93
6/1/2022 16:00:00,148.71,22.94,41.82,129.91,272.42,492.55,409.59
6/2/2022 16:00:00,151.21,24.74,42.5,132,274.58,492.26,417.39
6/3/2022 16:00:00,145.38,24.15,41.77,130.16,270.02,485.61,410.54
6/6/2022 16:00:00,146.14,24.73,41.62,129.73,268.75,490.18,411.79
6/7/2022 16:00:00,148.71,25.3,41.12,130.07,272.5,497.1,415.74
6/8/2022 16:00:00,147.96,25.83,40.77,128,270.41,493.53,411.22
6/9/2022 16:00:00,142.64,25.44,40.34,125.31,264.79,489.43,401.44
6/10/2022 16:00:00,137.13,23.72,40.57,119.55,252.99,484.63,389.8
6/13/2022 16:00:00,131.88,21.57,39.8,115.99,242.26,469.7,375
6/14/2022 16:00:00,132.76,21.09,39.82,114.06,244.49,461.75,373.87
6/15/2022 16:00:00,135.43,22.03,39.79,115.41,251.76,464.33,379.2
6/16/2022 16:00:00,130.06,20.47,40.21,113.43,244.97,456.09,366.65
6/17/2022 16:00:00,131.56,21.81,39.43,113.03,247.65,452.06,365.86
6/21/2022 16:00:00,135.87,21.76,40.72,115.83,253.74,480.32,375.07
6/22/2022 16:00:00,135.35,21.5,40.23,115.18,253.13,489.68,374.39
6/23/2022 16:00:00,138.27,22.37,41.21,113.92,258.86,499.81,378.06
6/24/2022 16:00:00,141.66,23.03,41.24,117.32,267.7,495.64,390.08
6/27/2022 16:00:00,141.66,22.86,41.37,116.38,264.89,505.66,388.59
6/28/2022 16:00:00,137.44,22.08,40.79,115.82,256.48,508.44,380.65
6/29/2022 16:00:00,139.23,21.47,40.64,115.3,260.26,515.71,380.34
6/30/2022 16:00:00,136.72,20.46,40.53,112.61,256.83,513.63,377.25
7/1/2022 16:00:00,138.93,21.34,40.88,114.05,259.58,517.4,381.24
7/5/2022 16:00:00,141.56,22.52,41.42,112.62,262.85,505.24,381.96
7/6/2022 16:00:00,142.92,21.5,41.71,111.89,266.21,515.29,383.25
7/7/2022 16:00:00,146.35,22.74,41.77,114.72,268.4,514.38,388.99
7/8/2022 16:00:00,147.04,22.34,41.8,114.36,267.66,518.63,388.67
7/11/2022 16:00:00,144.87,21.19,41.82,112.86,264.51,516.95,384.23
7/12/2022 16:00:00,145.86,21.57,41.69,112.97,253.67,514.42,380.83
7/13/2022 16:00:00,145.49,21.5,41.79,111.91,252.72,501.24,378.83
7/14/2022 16:00:00,148.47,20.65,42.61,108,254.08,502.43,377.91
7/15/2022 16:00:00,150.17,21.67,43.02,112.95,256.72,529.75,385.13
7/18/2022 16:00:00,147.07,22.58,42.92,111.79,254.25,519.37,381.95
7/19/2022 16:00:00,151,22.67,43.19,114.56,259.53,533.45,392.27
7/20/2022 16:00:00,153.04,24.12,43.55,114.54,262.27,519.47,394.77
7/21/2022 16:00:00,155.35,24.23,44.18,115.32,264.84,522.46,398.79
7/22/2022 16:00:00,154.09,23.3,44.07,114.76,260.36,521.41,395.09
7/25/2022 16:00:00,152.95,23.35,44.01,115.22,258.83,529.47,395.57
7/26/2022 16:00:00,151.6,22.55,40.66,113.42,251.9,531.59,390.89
7/27/2022 16:00:00,156.79,23.09,42.2,115.24,268.74,534.61,401.04
7/28/2022 16:00:00,157.35,23.31,43.25,114.81,276.41,541.49,406.07
7/29/2022 16:00:00,162.51,23.45,44.02,115.36,280.74,542.34,411.99
8/1/2022 16:00:00,161.51,24.6,44.18,114.21,278.01,535.38,410.77
8/2/2022 16:00:00,160.01,29.25,44.23,112.43,274.82,535.46,408.06
8/3/2022 16:00:00,166.13,30.19,43.5,113.61,282.47,540.65,414.45
8/4/2022 16:00:00,165.81,31.85,41.86,112.36,283.65,533.75,414.17
8/5/2022 16:00:00,165.35,32.01,42.19,115.76,282.91,535.06,413.47
8/8/2022 16:00:00,164.87,31.85,42.54,114.35,280.32,536.6,412.99
8/9/2022 16:00:00,164.92,31.06,42.96,115.38,282.3,537.26,411.35
8/10/2022 16:00:00,169.24,32.8,43.05,118.39,289.16,537.72,419.99
8/11/2022 16:00:00,168.49,32.24,43.27,120.14,287.02,532.86,419.99
8/12/2022 16:00:00,172.1,32.47,44.07,122.13,291.91,543.7,427.1
8/15/2022 16:00:00,173.19,32.49,44.2,122.46,293.47,544.64,428.86
8/16/2022 16:00:00,173.03,32.38,46.46,123.63,292.71,546.12,429.7
8/17/2022 16:00:00,174.55,30.72,46.51,122.59,291.32,545,426.65
8/18/2022 16:00:00,174.15,30.15,46.36,121.64,290.17,545.22,427.89
8/19/2022 16:00:00,171.52,29.01,45.67,118.63,286.15,548.32,422.14
8/22/2022 16:00:00,167.57,28,44.86,116.67,277.75,544.57,413.35
8/23/2022 16:00:00,167.23,27.81,44.67,115.52,276.44,535.8,412.35
8/24/2022 16:00:00,167.53,28.71,44.99,115.8,275.79,536.46,413.67
8/25/2022 16:00:00,170.03,29.62,45.29,118.55,278.85,541.57,419.51
8/26/2022 16:00:00,163.62,28.58,43.87,114.67,268.09,529.25,405.31
8/29/2022 16:00:00,161.38,28.74,44.29,114.39,265.23,529.77,402.63
8/30/2022 16:00:00,158.91,28.71,44.16,114.41,262.97,522.84,398.21
8/31/2022 16:00:00,157.22,28.76,44.18,113.73,261.47,519.33,395.18
9/1/2022 16:00:00,157.96,28.92,44.83,114.51,260.4,524,396.42
9/2/2022 16:00:00,155.81,29.05,44.33,113.71,256.06,516.35,392.24
9/6/2022 16:00:00,154.53,28.89,44.11,113.74,253.25,517.68,390.76
9/7/2022 16:00:00,155.96,30.03,45.25,115.9,258.09,521.68,397.78
9/8/2022 16:00:00,154.46,30.68,45.48,118.6,258.52,527.51,400.38
9/9/2022 16:00:00,157.37,31.78,45.61,119.17,264.46,524.34,406.6
9/12/2022 16:00:00,163.43,32.5,46.02,120.58,266.65,531.25,410.97
9/13/2022 16:00:00,153.84,31.32,45.07,116.39,251.99,513.96,393.1
9/14/2022 16:00:00,155.31,33.05,44.97,116.12,252.22,509.77,394.6
9/15/2022 16:00:00,152.37,33.13,44.49,117.87,245.38,522.91,390.12
9/16/2022 16:00:00,150.7,31.93,44.4,117.08,244.74,521.02,385.56
9/19/2022 16:00:00,154.48,31.49,44.78,118.16,244.52,523.55,388.55
9/20/2022 16:00:00,156.9,31.49,44.52,115.83,242.45,522.8,384.09
9/21/2022 16:00:00,153.72,30.47,44.92,112.49,238.95,512.08,377.39
9/22/2022 16:00:00,152.74,28.58,44.46,111.21,240.98,517.46,374.22
9/23/2022 16:00:00,150.43,27.82,43.35,109.14,237.92,513.61,367.95
9/26/2022 16:00:00,150.77,26.89,43.77,106.79,237.45,508.36,364.31
9/27/2022 16:00:00,151.76,27.57,43.65,105.85,236.41,508.37,363.38
9/28/2022 16:00:00,149.84,28.04,44.37,107.99,241.07,513.94,370.53
9/29/2022 16:00:00,142.48,26.42,44.08,106.16,237.5,508.83,362.79
9/30/2022 16:00:00,138.2,26.5,43.23,104.5,232.9,505.04,357.18
10/3/2022 16:00:00,142.45,26.72,44.18,107.73,240.74,515.51,366.61
10/4/2022 16:00:00,146.1,29.19,44.75,112.77,248.88,523.17,377.97
10/5/2022 16:00:00,146.4,29.18,44.31,110.39,249.2,527.07,377.09
10/6/2022 16:00:00,145.43,29.73,43.89,108.14,246.79,519.13,373.2
10/7/2022 16:00:00,140.09,28.07,42.85,105.98,234.24,504.85,362.79
10/10/2022 16:00:00,140.42,27.53,43.11,104.99,229.25,498.86,360.02
10/11/2022 16:00:00,138.98,24.66,44.22,101.96,225.41,499.81,357.74
10/12/2022 16:00:00,138.34,25.98,43.72,103.61,225.75,499.96,356.56
10/13/2022 16:00:00,142.99,25,44.09,109.37,234.24,509.91,365.97
10/14/2022 16:00:00,138.38,24.71,43.48,111.19,228.56,513.13,357.63
10/17/2022 16:00:00,142.41,25.94,43.79,115.86,237.53,521.88,366.82
10/18/2022 16:00:00,143.75,27.61,44.71,118.84,238.5,522.21,371.13
10/19/2022 16:00:00,143.86,27.53,44.59,116.51,236.48,520.32,368.5
10/20/2022 16:00:00,143.39,27.87,44.7,116.13,236.15,520.88,365.41
10/21/2022 16:00:00,147.27,28.02,45.6,122.23,242.12,533.73,374.29
10/24/2022 16:00:00,149.45,27.65,46.47,122.38,247.25,541.6,378.87
10/25/2022 16:00:00,152.34,28.36,46.69,122.7,250.66,540.22,384.92
10/26/2022 16:00:00,149.35,28.2,47.05,124.11,231.32,543.17,382.02
10/27/2022 16:00:00,144.8,27.82,46.91,124.6,226.75,541.8,379.98
10/28/2022 16:00:00,155.74,27.5,47.5,126.08,235.87,551.24,389.02
10/31/2022 16:00:00,153.34,26.57,47.44,125.88,232.13,555.15,386.21
11/1/2022 16:00:00,150.65,29.75,47.23,128.15,228.17,547.31,384.52
11/2/2022 16:00:00,145.03,28.81,46.92,126.97,220.1,543.43,374.87
11/3/2022 16:00:00,138.88,28.73,46.91,127.2,214.25,543.61,371.01
11/4/2022 16:00:00,138.38,28.39,46.99,130.68,221.39,538.17,376.35
11/7/2022 16:00:00,138.92,27.69,47.48,131.37,227.87,545.02,379.95
11/8/2022 16:00:00,139.5,27.44,47.6,131.45,228.87,553.05,382
11/9/2022 16:00:00,134.87,26.55,46.49,129.74,224.51,540.66,374.13
11/10/2022 16:00:00,146.87,28.85,47.45,135.08,242.98,544.17,394.69
11/11/2022 16:00:00,149.7,29.15,47.53,135.3,247.11,522.08,398.51
11/14/2022 16:00:00,148.28,29.07,46.13,133.91,241.55,513.75,395.12
11/15/2022 16:00:00,150.04,31.57,49.15,132.94,241.97,503.01,398.49
11/16/2022 16:00:00,148.79,30.04,49.5,133.12,241.73,511.52,395.45
11/17/2022 16:00:00,150.72,28.88,49.33,132.54,241.68,515.31,394.24
11/18/2022 16:00:00,151.29,28.96,50.08,133.84,241.22,530,396.03
11/21/2022 16:00:00,148.01,28.25,50.38,133.05,242.05,517.19,394.59
11/22/2022 16:00:00,150.18,28.08,50.56,135.04,245.03,523.09,399.9
11/23/2022 16:00:00,151.07,28.79,50.81,136.48,247.58,529.71,402.42
11/25/2022 13:00:00,148.11,28.5,51.02,136.74,247.49,537.62,402.33
11/28/2022 16:00:00,144.22,27.76,51.17,134.35,241.76,532.27,395.91
11/29/2022 16:00:00,141.17,27.76,50.99,136.56,240.33,528,395.23
11/30/2022 16:00:00,148.03,29.14,50.81,138.18,255.14,547.76,407.68
12/1/2022 16:00:00,148.31,28.34,51.12,136.24,254.69,536.91,407.38
12/2/2022 16:00:00,147.81,28.75,51.07,135.16,255.02,536.16,406.91
12/5/2022 16:00:00,146.63,27.7,50.55,131.37,250.2,535.04,399.59
12/6/2022 16:00:00,142.91,26.92,49.96,131.59,245.12,539.32,393.83
12/7/2022 16:00:00,140.94,26.4,49.7,131.5,244.37,542.91,393.16
12/8/2022 16:00:00,142.65,26.45,49.59,132.88,247.4,547.92,396.24
12/9/2022 16:00:00,142.16,26.55,48.44,132.16,245.42,539.2,393.28
12/12/2022 16:00:00,144.49,27.03,49.34,134.21,252.51,545.86,398.95
12/13/2022 16:00:00,145.47,26.98,49.16,134.08,256.92,538.22,401.97
12/14/2022 16:00:00,143.21,27.47,48.89,133.41,257.22,538.36,399.4
12/15/2022 16:00:00,136.5,26.24,48.45,130.1,249.01,527.68,389.63
12/16/2022 16:00:00,134.51,25.97,47.58,129.29,244.69,523.7,383.27
12/19/2022 16:00:00,132.37,24.95,47.6,130.06,240.45,523.6,380.02
12/20/2022 16:00:00,132.3,24.96,48.02,130.69,241.8,520.21,380.54
12/21/2022 16:00:00,135.45,25.36,48.39,132.16,244.43,527.54,386.23
12/22/2022 16:00:00,132.23,24.64,47.83,130.66,238.19,527.09,380.72
12/23/2022 16:00:00,131.86,24.64,47.92,131.28,238.73,531.31,382.91
12/27/2022 16:00:00,130.03,24.4,47.94,131.74,236.96,531.99,381.4
12/28/2022 16:00:00,126.04,24.59,47.1,132.46,234.53,528.45,376.66
12/29/2022 16:00:00,129.61,24.91,47.38,133.22,241.01,529.88,383.44
12/30/2022 16:00:00,129.93,24.73,47.26,134.1,239.82,530.18,382.43
1/3/2023 16:00:00,125.07,25.36,47.87,135.12,239.58,518.64,380.82
1/4/2023 16:00:00,126.36,25.91,47.92,136.38,229.1,504.5,383.76
1/5/2023 16:00:00,125.02,25.55,47.76,135.35,222.31,489.96,379.38
1/6/2023 16:00:00,129.62,26.4,48.93,137.94,224.93,490,388.08
1/9/2023 16:00:00,130.15,27.4,48.32,137.37,227.12,490.06,387.86
1/10/2023 16:00:00,130.73,28.04,48.29,138.6,228.85,486,390.58
1/11/2023 16:00:00,133.49,28.35,48.71,139.63,235.77,493.4,395.52
1/12/2023 16:00:00,133.41,29.03,48.27,139.49,238.51,495.67,396.96
1/13/2023 16:00:00,134.76,29.44,48.43,143.01,239.23,489.57,398.5
1/17/2023 16:00:00,135.94,29.2,48.14,140.8,240.35,485.08,397.77
1/18/2023 16:00:00,135.21,28.96,46.95,136.57,235.81,476.24,391.49
1/19/2023 16:00:00,135.27,29.03,46.28,134.75,231.93,484.36,388.64
1/20/2023 16:00:00,137.87,30.36,46.85,135.08,240.22,486.72,395.88
1/23/2023 16:00:00,141.11,30.53,47.55,137.27,242.58,485.81,400.63
1/24/2023 16:00:00,142.53,29.93,47.67,138.45,242.04,491.6,400.2
1/25/2023 16:00:00,141.86,30.29,47.45,139.12,240.61,492.5,400.35
1/26/2023 16:00:00,143.96,30.02,47.4,139.98,248,492.48,404.75
1/27/2023 16:00:00,145.93,30.36,47.77,140.32,248.16,486.05,405.68
1/30/2023 16:00:00,143,29.63,47.38,139.13,242.71,485.79,400.59
1/31/2023 16:00:00,144.29,30.93,47.96,139.96,247.81,499.19,406.48
2/1/2023 16:00:00,145.43,31.49,48.22,139.59,252.75,497,410.8
2/2/2023 16:00:00,150.82,33.05,47.87,138.94,264.6,470.83,416.78
2/3/2023 16:00:00,154.5,33.09,47.24,141.09,258.35,472.02,412.35
2/6/2023 16:00:00,151.73,33.9,46.89,141.92,256.77,475.24,409.83
2/7/2023 16:00:00,154.65,34.9,46.99,143.65,267.56,476.88,415.19
2/8/2023 16:00:00,151.92,36.83,46.74,142.64,266.73,483.22,410.65
2/9/2023 16:00:00,150.87,35.89,47.17,140.42,263.62,485.73,407.09
2/10/2023 16:00:00,151.01,34.3,47.91,141.04,263.1,494.25,408.04
2/13/2023 16:00:00,153.85,33.44,48.64,142.57,271.32,495.35,412.83
2/14/2023 16:00:00,153.2,35.23,48.5,143.2,272.17,492.83,412.64
2/15/2023 16:00:00,155.33,36.23,48.86,143.8,269.32,491.25,413.98
2/16/2023 16:00:00,153.71,36.22,48.09,141.82,262.15,487.35,408.28
2/17/2023 16:00:00,152.55,34.77,48.81,142.24,258.06,499.08,407.26
2/21/2023 16:00:00,148.48,34.2,49.11,139.63,252.67,491.31,399.09
2/22/2023 16:00:00,148.91,34.54,48.08,138.56,251.51,488.89,398.54
2/23/2023 16:00:00,149.4,34.47,47.36,139.67,254.77,491.69,400.66
2/24/2023 16:00:00,146.71,33.4,47.49,140.93,249.22,484.33,396.38
2/27/2023 16:00:00,147.92,33.55,47.15,142.16,250.16,483.32,397.73
2/28/2023 16:00:00,147.41,33.26,47.38,143.35,249.42,475.94,396.26
3/1/2023 16:00:00,145.31,32.99,46.72,142.55,246.27,475.22,394.74
3/2/2023 16:00:00,145.91,33.69,46.83,141.07,251.11,477.7,397.81
3/3/2023 16:00:00,151.03,34.57,46.89,143.66,255.29,478.56,404.19
3/6/2023 16:00:00,153.83,33.88,46.88,142.82,256.87,480.78,404.47
3/7/2023 16:00:00,151.6,34.14,46.42,138.62,254.15,473.88,398.27
3/8/2023 16:00:00,152.87,34.01,46.03,137.8,253.7,470.6,398.92
3/9/2023 16:00:00,150.59,32.32,45.72,130.34,252.32,464.91,391.56
3/10/2023 16:00:00,148.5,31.11,45.66,133.65,248.59,460.33,385.91
3/13/2023 16:00:00,150.47,30.82,45.79,131.25,253.92,463.68,385.36
3/14/2023 16:00:00,152.59,32.36,46.03,134.62,260.79,464.58,391.73
3/15/2023 16:00:00,152.99,31.97,46.55,128.26,265.44,465.43,389.28
3/16/2023 16:00:00,155.85,32.73,46.09,130.75,276.2,472.02,396.11
3/17/2023 16:00:00,155,31.78,46.47,125.81,279.43,469.5,389.99
3/20/2023 16:00:00,157.4,31.93,46.97,127.14,272.23,476.96,393.74
3/21/2023 16:00:00,159.28,32.86,46.81,130.55,273.78,480.1,398.91
3/22/2023 16:00:00,157.83,31.52,46.51,127.18,272.29,475.52,392.11
3/23/2023 16:00:00,158.93,31.18,46.88,126.84,277.66,469.91,393.17
3/24/2023 16:00:00,160.25,30.75,47.27,124.91,280.57,475.99,395.75
3/27/2023 16:00:00,158.28,30.62,48.06,128.49,276.38,481.9,396.49
3/28/2023 16:00:00,157.65,30.07,47.87,128.88,275.23,472.58,395.6
3/29/2023 16:00:00,160.77,30.87,48.08,129.14,280.51,466.59,401.35
3/30/2023 16:00:00,162.36,31.19,48.56,128.75,284.05,470.06,403.7
3/31/2023 16:00:00,164.9,31.7,49.15,130.31,288.3,472.59,409.39
4/3/2023 16:00:00,166.17,31.46,49.56,130.16,287.23,494.19,410.95
4/4/2023 16:00:00,165.63,31.39,49.08,128.42,287.18,493.25,408.67
4/5/2023 16:00:00,163.76,31.12,49.89,127.61,284.34,509.23,407.6
4/6/2023 16:00:00,164.66,31.18,50.27,127.47,291.6,512.81,409.19
4/10/2023 16:00:00,162.03,31.74,50.17,127.89,289.39,515.18,409.61
4/11/2023 16:00:00,160.8,31.12,50.02,128.52,282.83,520.97,409.72
4/12/2023 16:00:00,160.1,30.59,49.78,128.5,283.49,521.19,408.05
4/13/2023 16:00:00,165.56,31.44,49.83,128.99,289.84,526.23,413.47
4/14/2023 16:00:00,165.21,31.48,49.49,138.73,286.14,511.79,412.46
4/17/2023 16:00:00,165.23,32.08,49.84,139.83,288.8,505.35,413.94
4/18/2023 16:00:00,166.47,31.73,49.95,141.4,288.37,504.48,414.21
4/19/2023 16:00:00,167.63,32.04,50,141.22,288.45,486.2,414.14
4/20/2023 16:00:00,166.65,31.5,50.32,140.81,286.11,487.46,411.88
4/21/2023 16:00:00,165.02,30.83,50.58,140.54,285.76,483.82,412.2
4/24/2023 16:00:00,165.33,30.68,50.92,140.73,281.77,488.94,412.63
4/25/2023 16:00:00,163.77,29.59,50.52,137.67,275.42,491.92,406.08
4/26/2023 16:00:00,163.76,29.68,50.3,135.23,295.37,482.95,404.36
4/27/2023 16:00:00,168.41,29.7,50.46,137.05,304.83,490.47,412.41
4/28/2023 16:00:00,169.68,31.05,50.32,138.24,307.26,492.09,415.93
5/1/2023 16:00:00,169.59,32.74,50.53,141.2,305.56,495.7,415.51
5/2/2023 16:00:00,168.54,36.52,50.39,138.92,305.41,493.39,410.84
5/3/2023 16:00:00,167.45,37.84,50.21,135.98,304.4,489.44,408.02
5/4/2023 16:00:00,165.79,37.49,50.16,134.12,305.41,487.28,405.13
5/5/2023 16:00:00,173.57,37.75,50.59,136.74,310.65,494.28,412.63
5/8/2023 16:00:00,173.5,38.83,50.91,137.07,308.65,492.62,412.74
5/9/2023 16:00:00,171.77,38.19,50.99,136.41,307,490.38,410.93
5/10/2023 16:00:00,173.56,38.79,50.85,136.48,312.31,490.07,412.85
5/11/2023 16:00:00,173.75,38.42,51.04,136.05,310.11,488.76,412.13
5/12/2023 16:00:00,172.57,38.45,51.02,134.1,308.97,491.23,411.59
5/15/2023 16:00:00,172.07,38.14,50.63,135.23,309.46,486.86,413.01
5/16/2023 16:00:00,172.07,37.44,49.93,134.32,311.74,479.72,410.25
5/17/2023 16:00:00,172.69,37.84,49.84,138.45,314,484.81,415.23
5/18/2023 16:00:00,175.05,39.25,50.49,139.5,318.52,479.23,419.23
5/19/2023 16:00:00,175.16,39.18,49.97,139.18,318.34,478.82,418.62
5/22/2023 16:00:00,174.2,39.17,49.53,138.03,321.18,480.62,418.79
5/23/2023 16:00:00,171.56,38.66,49.44,136.59,315.26,479.44,414.09
5/24/2023 16:00:00,171.84,37.96,49.21,135.34,313.85,480.83,411.09
5/25/2023 16:00:00,172.99,37.95,48.72,135.67,325.92,477.7,414.65
5/26/2023 16:00:00,175.43,38.45,48.81,136.94,332.89,481.52,420.02
5/30/2023 16:00:00,177.3,37.56,48.69,137.46,331.21,479.85,420.18
5/31/2023 16:00:00,177.25,37.93,48.96,135.71,328.39,487.24,417.85
6/1/2023 16:00:00,180.09,38.48,49.14,137.58,332.58,493.63,421.82
6/2/2023 16:00:00,180.95,39.73,49.61,140.47,335.4,499.58,427.92
6/5/2023 16:00:00,179.58,40.42,49.93,139.09,335.94,498.19,427.1
6/6/2023 16:00:00,179.21,40.25,49.93,139.34,333.68,487.57,428.03
6/7/2023 16:00:00,177.82,38.99,50,140.69,323.38,482.13,426.55
6/8/2023 16:00:00,180.57,40.26,50.72,140.73,325.26,490.23,429.13
6/9/2023 16:00:00,180.96,40.99,51.03,141.01,326.79,493.62,429.9
6/12/2023 16:00:00,183.79,41.74,51.37,141,331.85,492.59,433.8
6/13/2023 16:00:00,183.31,41.41,51.77,142.02,334.29,491.31,436.66
6/14/2023 16:00:00,183.95,41.27,52.29,141.49,337.34,459.86,437.18
6/15/2023 16:00:00,186.01,43.36,52.58,143.09,348.1,465.89,442.6
6/16/2023 16:00:00,184.92,43.52,51.84,143.26,342.33,458.49,439.46
6/20/2023 16:00:00,185.01,42.17,51.39,142.53,338.05,469.39,437.18
6/21/2023 16:00:00,183.96,42.66,51.49,142.32,333.56,476.75,434.94
6/22/2023 16:00:00,187,42.81,51.92,139.58,339.71,479.05,436.51
6/23/2023 16:00:00,186.68,43.34,51.82,138.85,335.02,477,433.21
6/26/2023 16:00:00,185.27,44.42,51.68,139.19,328.6,479.06,431.44
6/27/2023 16:00:00,188.06,43.83,51.5,139.2,334.57,482.56,436.17
6/28/2023 16:00:00,189.25,44.24,51.78,138.59,335.85,474.45,436.39
6/29/2023 16:00:00,189.59,42.58,51.43,143.43,335.05,476.44,438.11
6/30/2023 16:00:00,193.97,43.17,52.39,145.44,340.54,480.64,443.28
7/3/2023 13:00:00,192.46,43.09,52.73,146.61,337.99,477.88,443.79
7/5/2023 16:00:00,191.33,43.66,52.7,144.64,338.15,471.22,443.13
7/6/2023 16:00:00,191.81,42.11,52.37,143.21,341.27,469.36,439.66
7/7/2023 16:00:00,190.68,42.91,51.16,144.34,337.22,461.58,438.55
7/10/2023 16:00:00,188.61,42.78,51.63,145.15,331.83,463.05,439.66
7/11/2023 16:00:00,188.08,44.36,51.55,147.42,332.47,462.89,442.46
7/12/2023 16:00:00,189.77,44.52,51.68,148.15,337.2,451.7,446.02
7/13/2023 16:00:00,190.54,45.64,51.38,148.87,342.66,447.75,449.56
7/14/2023 16:00:00,190.69,44.75,51.55,149.77,345.24,480.17,449.28
7/17/2023 16:00:00,193.99,45.51,51.62,153.38,345.73,484.08,450.84
7/18/2023 16:00:00,193.73,47.41,51.52,153.66,359.49,500,454.19
7/19/2023 16:00:00,195.1,47.12,51.54,154.25,355.08,503.7,455.2
7/20/2023 16:00:00,193.13,46.57,52.49,156.15,346.87,504.24,452.18
7/21/2023 16:00:00,191.94,47.23,52.79,154.95,343.77,506.53,452.18
7/24/2023 16:00:00,192.75,47.32,53.1,158,345.11,508.68,454.2
7/25/2023 16:00:00,193.62,47.17,53.06,156.82,350.98,510.93,455.44
7/26/2023 16:00:00,194.5,47.31,53.25,157.76,337.77,508,455.51
7/27/2023 16:00:00,193.22,46.61,53.05,156.02,330.72,505.23,452.49
7/28/2023 16:00:00,195.83,48.14,53.3,156.91,338.37,502.91,456.92
7/31/2023 16:00:00,196.45,49.46,53.29,157.96,335.92,506.37,457.79
8/1/2023 16:00:00,195.61,46.65,53.04,157.18,336.34,504.74,456.48
8/2/2023 16:00:00,192.58,46.96,53.07,155.4,327.5,504.8,450.13
8/3/2023 16:00:00,191.17,45.91,53.09,156.35,326.66,504.86,448.84
8/4/2023 16:00:00,181.99,45.2,52.78,156.02,327.78,502.73,446.81
8/7/2023 16:00:00,178.85,44.95,53.5,156.76,330.11,510.74,450.71
8/8/2023 16:00:00,179.8,45.16,53.55,155.88,326.05,505.86,448.75
8/9/2023 16:00:00,178.19,44.11,53.64,153.79,322.23,502.11,445.75
8/10/2023 16:00:00,177.97,44.6,53.42,153.56,322.93,503.48,445.91
8/11/2023 16:00:00,177.79,43.71,53.73,154.45,321.01,508.01,445.65
8/14/2023 16:00:00,179.46,44.85,53.33,154.77,324.04,510.93,448.11
8/15/2023 16:00:00,177.45,44.08,53.06,150.83,321.86,506.69,442.89
8/16/2023 16:00:00,176.57,43.65,53.09,150.19,320.4,503.56,439.64
8/17/2023 16:00:00,174,43.97,51.9,148.63,316.88,493.96,436.29
8/18/2023 16:00:00,174.49,44.69,52.64,148.97,316.48,498.44,436.5
8/21/2023 16:00:00,175.84,44.63,52.5,149.48,321.88,497.68,439.34
8/22/2023 16:00:00,177.23,44.35,52.34,146.38,322.46,492.34,438.15
8/23/2023 16:00:00,181.12,45.14,52.7,147.37,327,489.44,443.03
8/24/2023 16:00:00,176.38,44.68,52.3,147.23,319.97,488.1,436.89
8/25/2023 16:00:00,178.61,43.96,52.61,147.05,322.98,489.12,439.97
8/28/2023 16:00:00,180.19,44.15,52.91,147.56,323.7,491.28,442.76
8/29/2023 16:00:00,184.12,45.35,53.35,148.76,328.41,492.83,449.16
8/30/2023 16:00:00,187.65,46.51,53.73,148.16,328.79,491.53,451.01
8/31/2023 16:00:00,187.87,47.23,54.2,146.33,327.76,476.58,450.35
9/1/2023 16:00:00,189.46,47.04,53.86,146.82,328.66,476.24,451.19
9/5/2023 16:00:00,189.7,46.55,53.42,145.2,333.55,480.81,449.24
9/6/2023 16:00:00,182.91,45.9,53.82,144.96,332.88,476.94,446.22
9/7/2023 16:00:00,177.56,46.27,54.49,143.72,329.91,484.81,444.85
9/8/2023 16:00:00,178.18,47.24,54.59,143.83,334.27,480.77,445.52
9/11/2023 16:00:00,179.36,48.94,54.78,144.46,337.94,479.38,448.45
9/12/2023 16:00:00,176.3,47.92,54.84,146.34,331.77,479.9,445.99
9/13/2023 16:00:00,174.21,48.16,54.85,146.41,336.06,479.84,446.51
9/14/2023 16:00:00,175.74,48.32,55.08,149.25,338.7,483.6,450.36
9/15/2023 16:00:00,175.01,47.52,54.88,148.81,330.22,486.7,443.37
9/18/2023 16:00:00,177.97,46.51,54.47,149.12,329.06,486.06,443.63
9/19/2023 16:00:00,179.07,47.59,54.46,148.93,328.65,480.66,442.71
9/20/2023 16:00:00,175.49,46.55,54.64,148.3,320.77,492.13,438.64
9/21/2023 16:00:00,173.93,44.6,53.97,147.14,319.53,501.14,431.39
9/22/2023 16:00:00,174.79,44.41,54.12,145.73,317.01,506.1,430.42
9/25/2023 16:00:00,176.08,44.91,54.36,146.45,317.54,510.28,432.23
9/26/2023 16:00:00,171.96,44.27,54.17,144.93,312.14,505.45,425.88
9/27/2023 16:00:00,170.43,45.14,53.91,145.78,312.79,503.73,426.05
9/28/2023 16:00:00,170.69,46.14,54.18,147.59,313.64,510.1,428.52
9/29/2023 16:00:00,171.21,45.99,53.31,145.02,315.75,504.19,427.48
10/2/2023 16:00:00,173.75,45.68,53.37,143.77,321.8,514.57,427.31
10/3/2023 16:00:00,172.4,44.51,53.03,142.71,313.39,509.47,421.59
10/4/2023 16:00:00,173.66,44.94,53.67,143.35,318.96,510.62,424.66
10/5/2023 16:00:00,174.91,44.61,53.03,142.9,319.36,516.23,424.5
10/6/2023 16:00:00,177.49,45.78,52.14,145.1,327.26,524.81,429.54
10/9/2023 16:00:00,178.99,45.45,51.95,144.77,329.82,526.51,432.29
10/10/2023 16:00:00,178.39,46.63,52.53,145.65,328.39,524.24,434.54
10/11/2023 16:00:00,179.8,46.64,52.74,146.15,332.42,524.13,436.32
10/12/2023 16:00:00,180.71,45.95,52.98,145.81,331.16,525.54,433.66
10/13/2023 16:00:00,178.85,43.48,53.28,148,327.73,539.4,431.5
10/16/2023 16:00:00,178.72,44.71,53.74,147.85,332.64,538.03,436.04
10/17/2023 16:00:00,177.15,44.38,53.81,147.53,332.06,536.65,436.02
10/18/2023 16:00:00,175.84,43,53.85,145.91,330.11,536.06,430.21
10/19/2023 16:00:00,175.46,42.72,53.59,145.29,331.32,531.63,426.43
10/20/2023 16:00:00,172.88,42.96,52.92,142.95,326.67,527.03,421.19
10/23/2023 16:00:00,173,43.04,53.67,141,329.32,521.57,420.46
10/24/2023 16:00:00,173.44,44.19,54.42,141.17,330.53,525,423.63
10/25/2023 16:00:00,171.1,42.35,54.25,140.4,340.67,530.21,417.55
10/26/2023 16:00:00,166.89,40.62,53.92,140.76,327.89,528.36,412.55
10/27/2023 16:00:00,168.22,41.23,53.72,135.69,329.81,524.66,410.68
10/30/2023 16:00:00,170.29,42.73,54.34,137.42,337.31,529.99,415.59
10/31/2023 16:00:00,170.77,43.28,54.47,139.06,338.11,535.56,418.2
11/1/2023 16:00:00,173.97,43.83,54.96,138.94,346.07,531.6,422.66
11/2/2023 16:00:00,177.57,46.48,55.17,141.42,348.32,536.13,430.76
11/3/2023 16:00:00,176.65,47.75,54.89,143,352.8,530.9,434.69
11/6/2023 16:00:00,179.23,48.14,54.96,144.08,356.53,533.46,435.69
11/7/2023 16:00:00,181.82,49.92,55.22,144.01,360.53,537.83,436.93
11/8/2023 16:00:00,182.89,49.5,54.77,144.72,363.2,536.73,437.25
11/9/2023 16:00:00,182.41,50.05,54.64,144.29,360.69,539,433.84
11/10/2023 16:00:00,186.4,51.58,55.4,146.43,369.67,541.21,440.61
11/13/2023 16:00:00,184.8,52.24,55.89,145.78,366.68,542.57,440.19
11/14/2023 16:00:00,187.44,53.88,55.88,148.44,370.27,540.46,448.73
11/15/2023 16:00:00,188.01,53.76,56.59,149.74,369.67,538.41,449.68
11/16/2023 16:00:00,189.71,54.42,52.01,151.45,376.17,539.82,450.23
11/17/2023 16:00:00,189.69,54.44,51.78,152.82,369.85,536.29,450.79
11/20/2023 16:00:00,191.45,54.75,51.77,153.29,377.44,535.1,454.26
11/21/2023 16:00:00,190.64,54.85,51.95,152.97,373.07,539.59,453.27
11/22/2023 16:00:00,191.31,55.37,51.56,153.33,377.85,543.76,455.02
11/24/2023 13:00:00,189.97,55.32,52.02,153.54,377.43,547.1,455.3
11/27/2023 16:00:00,189.79,56.06,52.26,153.19,378.61,543.59,454.48
11/28/2023 16:00:00,190.4,56.21,52.88,153.54,382.7,540.53,454.93
11/29/2023 16:00:00,189.37,56.4,52.03,154.32,378.85,534.98,454.61
11/30/2023 16:00:00,189.95,56.38,51.9,156.08,378.91,552.97,456.4
12/1/2023 16:00:00,191.24,57.35,51.45,156.84,374.51,547.16,459.1
12/4/2023 16:00:00,189.43,58.63,51.43,157.99,369.14,548.28,456.69
12/5/2023 16:00:00,193.42,57.97,51.91,157.97,372.52,550.26,456.6
12/6/2023 16:00:00,192.32,59.75,51.35,156.31,368.8,549.53,454.76
12/7/2023 16:00:00,194.27,60.98,50.82,156.79,370.95,548.27,458.23
12/8/2023 16:00:00,195.71,61.7,50.29,158.52,374.23,549.77,460.2
12/11/2023 16:00:00,193.18,62.46,50.41,159.1,371.3,543.68,461.99
12/12/2023 16:00:00,194.71,62.72,50.45,160.52,374.38,545.72,464.1
12/13/2023 16:00:00,197.96,61.97,51.35,161.06,374.37,549.01,470.5
12/14/2023 16:00:00,198.11,62.5,50.72,163.99,365.93,534.24,472.01
12/15/2023 16:00:00,197.57,61.86,50.91,165.23,370.73,531.12,469.33
12/18/2023 16:00:00,195.89,61.73,51.66,166.23,372.65,526.55,471.97
12/19/2023 16:00:00,196.94,62.12,51.84,168.45,373.26,524.04,474.84
12/20/2023 16:00:00,194.83,60.68,51.24,166.55,370.62,515.93,468.26
12/21/2023 16:00:00,194.68,61.46,51.6,167.5,373.54,519.88,472.7
12/22/2023 16:00:00,193.6,61.71,52.22,167.4,374.58,520.31,473.65
12/26/2023 16:00:00,193.05,61.98,52.14,168.39,374.66,520.03,475.65
12/27/2023 16:00:00,193.15,63.28,52.63,169.4,374.07,522.79,476.51
12/28/2023 16:00:00,193.58,63.14,52.52,170.3,375.28,524.9,476.69
12/29/2023 16:00:00,192.53,61.57,52.55,170.1,376.04,526.47,475.31
1/2/2024 16:00:00,185.64,58.38,53.1,172.08,370.87,539.34,472.65
1/3/2024 16:00:00,184.25,58.25,53.1,171.33,370.6,542.03,468.79
1/4/2024 16:00:00,181.91,57.8,52.59,171.41,367.94,545.42,467.28
1/5/2024 16:00:00,181.18,57.58,52.24,172.27,367.75,537.38,467.92
1/8/2024 16:00:00,185.56,59.01,52.75,172.02,374.69,536.52,474.6
1/9/2024 16:00:00,185.14,60.3,53.1,170.66,375.79,538.37,473.88
1/10/2024 16:00:00,186.19,62.41,53.76,171.02,382.77,537.64,476.56
1/11/2024 16:00:00,185.59,63.47,53.7,170.3,384.63,539.68,476.35
1/12/2024 16:00:00,185.92,63.2,53.77,169.05,388.47,521.51,476.68
1/16/2024 16:00:00,183.63,63.65,53.94,167.99,390.27,519.15,474.93
1/17/2024 16:00:00,182.68,63.12,53.69,167.09,389.47,524.94,472.29
1/18/2024 16:00:00,188.63,64.88,54.41,167.42,393.87,516.34,476.49
1/19/2024 16:00:00,191.56,65.11,54.13,170.31,398.67,503.56,482.43
1/22/2024 16:00:00,193.89,64.55,54.13,170.11,396.51,512.99,483.45
1/23/2024 16:00:00,195.18,64.32,54.27,168.99,398.9,515.52,484.86
1/24/2024 16:00:00,194.5,63.76,53.5,170.5,402.56,513.23,485.39
1/25/2024 16:00:00,194.17,66,54.28,172.94,404.87,493.4,488.03
1/26/2024 16:00:00,192.42,65.52,54.76,172.28,403.93,503.2,487.41
1/29/2024 16:00:00,191.73,66.98,55.01,172.73,409.72,504.54,491.27
1/30/2024 16:00:00,188.04,66.84,55.2,176.27,408.59,503.61,490.89
1/31/2024 16:00:00,184.4,65.27,55.08,174.36,397.58,511.74,482.88
2/1/2024 16:00:00,186.86,66.73,56.1,173.73,403.78,507.14,489.2
2/2/2024 16:00:00,185.85,68.07,56.52,174.73,411.22,510.23,494.35
2/5/2024 16:00:00,187.68,68.99,56.22,174.5,405.65,502.96,492.55
2/6/2024 16:00:00,189.3,70.47,56.6,175.1,405.49,510.67,493.98
2/7/2024 16:00:00,189.41,70.65,56.46,175.43,414.05,519.39,498.1
2/8/2024 16:00:00,188.32,71.61,56.46,174.8,414.11,520.09,498.32
2/9/2024 16:00:00,188.85,70.91,56.43,175.01,420.55,518.22,501.2
2/12/2024 16:00:00,187.15,69.12,56.77,175.79,415.26,517.64,500.98
2/13/2024 16:00:00,185.04,68.99,56.38,174.26,406.32,516.85,494.08
2/14/2024 16:00:00,184.15,79.15,56.2,176.03,409.49,516.94,498.57
2/15/2024 16:00:00,183.86,81.39,56.43,179.87,406.56,520.88,502.01
2/16/2024 16:00:00,182.31,78.41,56.79,179.03,404.06,521.55,499.51
2/20/2024 16:00:00,181.56,76.6,58.62,179.73,402.79,521.06,496.76
2/21/2024 16:00:00,182.32,76.44,57.9,180.9,402.18,521.97,497.21
2/22/2024 16:00:00,184.37,78.03,58.47,183.07,411.65,526.5,507.5
2/23/2024 16:00:00,182.52,78.2,58.52,183.99,410.34,527.24,507.85
2/26/2024 16:00:00,181.16,78.36,59.6,183.36,407.54,525.32,505.99
2/27/2024 16:00:00,182.63,78.75,59.59,183.45,407.48,513.42,506.93
2/28/2024 16:00:00,181.42,77.73,59.62,184.38,407.72,498.28,506.26
2/29/2024 16:00:00,180.75,79.5,58.61,186.06,413.64,493.6,508.08
3/1/2024 16:00:00,179.66,81.03,58.76,185.29,415.5,489.53,512.85
3/4/2024 16:00:00,175.1,81.3,59.3,186.68,414.92,481.87,512.3
3/5/2024 16:00:00,170.12,79.09,60.04,188.55,402.65,473.15,507.18
3/6/2024 16:00:00,169.12,78.64,60.57,189.53,402.09,472.6,509.75
3/7/2024 16:00:00,169,79.41,60.36,187.87,409.14,478.78,514.81
3/8/2024 16:00:00,170.73,78.7,60.12,188.22,406.22,476.57,511.72
3/11/2024 16:00:00,172.75,77.47,60.66,188.29,404.52,489.15,511.28
3/12/2024 16:00:00,173.23,78.32,61.41,189.84,415.28,489.35,516.78
3/13/2024 16:00:00,171.13,78.25,61.28,191.38,415.1,488,515.97
3/14/2024 16:00:00,173,77.65,61.02,187.97,425.22,489,514.95
3/15/2024 16:00:00,172.62,76.07,60.68,190.3,416.42,490.82,509.83
3/18/2024 16:00:00,173.72,75.7,60.86,192.66,417.32,487.05,512.86
3/19/2024 16:00:00,176.08,77.08,60.87,193.79,421.41,493.32,515.71
3/20/2024 16:00:00,178.67,78.64,61.25,196.33,425.23,494.23,520.48
3/21/2024 16:00:00,171.37,80.25,61.45,199.06,429.37,491.69,522.2
3/22/2024 16:00:00,172.28,80.23,60.87,196.62,428.74,490.07,521.21
3/25/2024 16:00:00,170.85,79.41,60.57,194.82,422.86,485.88,519.77
3/26/2024 16:00:00,169.71,77.91,60.51,195.73,421.65,492.31,518.81
3/27/2024 16:00:00,173.31,78.11,60.72,199.52,421.43,493.1,523.17
3/28/2024 16:00:00,171.48,76.99,60.17,200.3,420.72,494.7,523.07
4/1/2024 16:00:00,170.03,76.4,60,198.94,424.57,489.7,522.16
4/2/2024 16:00:00,168.84,76.98,59.16,198.86,421.44,458.14,518.84
4/3/2024 16:00:00,169.65,76.81,59.43,198.3,420.45,459.74,519.41
4/4/2024 16:00:00,168.82,74.92,59.5,195.65,417.88,455.38,513.07
4/5/2024 16:00:00,169.58,77.16,59.85,197.45,425.52,455.74,518.43
4/8/2024 16:00:00,168.45,75.03,59.78,198.48,424.59,456,518.72
4/9/2024 16:00:00,169.67,75.14,59.79,197.15,426.28,459.72,519.32
4/10/2024 16:00:00,167.78,74.35,60.62,195.47,423.26,450.05,514.12
4/11/2024 16:00:00,175.04,76.18,60.09,195.43,427.93,441.72,518
4/12/2024 16:00:00,176.55,75.28,60.14,182.79,421.9,439.2,510.85
4/15/2024 16:00:00,172.69,73.4,59.93,182.89,413.64,445.63,504.45
4/16/2024 16:00:00,169.38,74.13,59.84,180.8,414.58,468.89,503.53
4/17/2024 16:00:00,168,71.94,59.65,180.08,411.84,478.99,500.55
4/18/2024 16:00:00,167.04,71.3,59.26,181.25,404.27,493.18,499.52
4/19/2024 16:00:00,165,69.2,59.53,185.8,399.12,501.13,495.16
4/22/2024 16:00:00,165.84,68.98,60.14,189.41,400.96,491.23,499.72
4/23/2024 16:00:00,166.9,70.8,59.09,192.14,407.57,486.18,505.65
4/24/2024 16:00:00,169.02,69.36,59.87,193.08,409.06,487.3,505.41
4/25/2024 16:00:00,169.89,69.31,60.21,193.37,399.04,493.86,503.49
4/26/2024 16:00:00,169.3,69.05,60.16,193.49,406.32,495.35,508.26
4/29/2024 16:00:00,173.5,67.4,60.24,193.28,402.25,489.03,510.06
4/30/2024 16:00:00,170.33,66.27,59.35,191.74,389.33,483.7,501.98
5/1/2024 16:00:00,169.3,67.79,58.85,191.86,394.94,484.11,500.35
5/2/2024 16:00:00,173.03,68.57,59.71,191.66,397.84,492.97,505.03
5/3/2024 16:00:00,183.38,69.23,59.82,190.51,406.66,492.45,511.29
5/6/2024 16:00:00,181.71,71.51,59.87,192,413.54,494.38,516.57
5/7/2024 16:00:00,182.4,70.43,60.62,191.75,409.34,500.96,517.14
5/8/2024 16:00:00,182.74,66.4,60.3,195.65,410.54,503.21,517.19
5/9/2024 16:00:00,184.57,67.93,60.44,197.5,412.32,507.03,520.17
5/10/2024 16:00:00,183.05,66.99,60.48,198.77,414.74,512.81,520.84
5/13/2024 16:00:00,186.28,66.02,60.41,198.73,413.72,511.74,520.91
5/14/2024 16:00:00,187.43,65.32,59.86,201.51,416.56,513.88,523.3
5/15/2024 16:00:00,189.72,66.62,59.83,202.11,423.08,517.55,529.78
5/16/2024 16:00:00,189.84,66.05,64.01,202.47,420.99,521.27,528.69
5/17/2024 16:00:00,189.87,65.67,64.65,204.79,420.21,524.63,529.45
5/20/2024 16:00:00,191.04,64.65,64.18,195.58,425.34,517.23,530.06
5/21/2024 16:00:00,192.35,63.97,65.15,199.52,429.04,523.55,531.36
5/22/2024 16:00:00,190.9,65.48,65.25,198.31,430.52,521.35,529.83
5/23/2024 16:00:00,186.88,63.6,64.84,196.92,427,516.83,525.96
5/24/2024 16:00:00,189.98,64.26,65.38,200.71,430.16,508.17,529.44
5/28/2024 16:00:00,189.99,63.52,65.04,199.5,430.32,503.68,529.81
5/29/2024 16:00:00,190.29,64.93,64.92,198.11,429.17,484.72,526.1
5/30/2024 16:00:00,191.29,64.12,64.89,199.33,414.67,481.65,522.61
5/31/2024 16:00:00,192.25,64.56,65.76,202.63,415.13,495.37,527.37
6/3/2024 16:00:00,194.03,63.79,65.82,201.82,413.52,497.44,527.8
6/4/2024 16:00:00,194.35,64.55,66.6,199.16,416.07,505.49,528.39
6/5/2024 16:00:00,195.87,65.82,67.09,197.26,424.01,503.12,534.67
6/6/2024 16:00:00,194.48,68.9,67.15,196.91,424.52,501.92,534.66
6/7/2024 16:00:00,196.89,69.31,65.88,199.95,423.85,490.69,534.01
6/10/2024 16:00:00,193.12,68.6,66.96,199.61,427.87,495,535.66
6/11/2024 16:00:00,207.15,69.59,66.73,194.36,432.68,496.22,536.95
6/12/2024 16:00:00,213.07,73.15,66.31,191.53,441.06,493.07,541.36
6/13/2024 16:00:00,214.24,70.86,66.7,193.66,441.58,497.3,542.45
6/14/2024 16:00:00,212.49,70.06,67.02,193.78,442.57,497.12,542.78
6/17/2024 16:00:00,216.67,70.49,67.42,194.98,448.37,489.23,547.1
6/18/2024 16:00:00,214.29,70.33,67.6,197,446.34,481.05,548.49
6/20/2024 16:00:00,209.68,70.3,68.01,198.67,445.7,484.52,547
6/21/2024 16:00:00,207.49,70.21,67.91,196.3,449.78,482.59,544.51
6/24/2024 16:00:00,208.14,70.54,68.9,198.88,447.67,489.98,542.74
6/25/2024 16:00:00,209.07,71.38,67.42,198.07,450.95,484.5,544.83
6/26/2024 16:00:00,213.25,70.85,68.29,197.43,452.16,484.04,545.51
6/27/2024 16:00:00,214.1,70.34,67.88,199.17,452.85,486.44,546.37
6/28/2024 16:00:00,210.62,72.68,67.71,202.26,446.95,509.26,544.22
7/1/2024 16:00:00,216.75,71.1,67.48,205.45,456.73,494.65,545.34
7/2/2024 16:00:00,220.27,70.67,68.07,208.83,459.28,498.24,549.01
7/3/2024 13:00:00,221.55,71.3,68.24,208.69,460.77,489.89,551.46
7/5/2024 16:00:00,226.34,71.06,70.04,204.79,467.56,488.01,554.64
7/8/2024 16:00:00,227.82,71.25,69.68,205.17,466.24,489.34,555.28
7/9/2024 16:00:00,228.68,71.32,69.9,207.63,459.54,492.11,555.82
7/10/2024 16:00:00,232.98,69.27,70.41,207.8,466.25,500.93,561.32
7/11/2024 16:00:00,227.57,73.53,69.8,207.45,454.7,504.36,556.48
7/12/2024 16:00:00,230.54,72.43,69.24,204.94,453.55,511.53,559.99
7/15/2024 16:00:00,234.4,72.29,69.61,210.05,453.96,515.37,561.53
7/16/2024 16:00:00,234.82,74.3,69.99,213.62,449.52,548.87,564.86
7/17/2024 16:00:00,228.88,68.62,71.03,216.87,443.52,573.28,556.94
7/18/2024 16:00:00,224.18,66.26,70.82,209.98,440.37,564.34,552.66
7/19/2024 16:00:00,224.31,67.31,70.75,209.78,437.11,565.33,548.99
7/22/2024 16:00:00,223.96,67.73,70.38,210.28,442.94,558.53,554.65
7/23/2024 16:00:00,225.01,67.52,70.65,210.33,444.85,554.7,553.78
7/24/2024 16:00:00,218.54,66.14,70.6,208.59,428.9,559.75,541.23
7/25/2024 16:00:00,217.49,65.74,70.02,208.67,418.4,559.68,538.41
7/26/2024 16:00:00,217.96,64.4,69.78,212.24,425.27,569.72,544.44
7/29/2024 16:00:00,218.24,63.76,69.62,210.85,426.73,566.75,544.76
7/30/2024 16:00:00,218.8,63.09,69.19,215.19,422.92,576.33,542
7/31/2024 16:00:00,222.08,64.47,68.64,212.8,418.35,576.16,550.81
8/1/2024 16:00:00,218.36,61.02,69.79,207.96,417.11,572.77,543.01
8/2/2024 16:00:00,219.86,58.99,68.46,199.14,408.49,589.83,532.9
8/5/2024 16:00:00,209.27,58.48,67.59,194.9,395.15,569.96,517.38
8/6/2024 16:00:00,207.23,64.87,67.74,200.34,399.61,568.35,522.15
8/7/2024 16:00:00,209.82,65.54,66.91,200.4,398.43,566.08,518.66
8/8/2024 16:00:00,213.31,69.01,67.66,204.06,402.69,566.24,530.65
8/9/2024 16:00:00,216.24,68.54,67.95,205.8,406.02,558.76,532.99
8/12/2024 16:00:00,217.53,69.26,68.7,206.19,406.81,565.29,533.27
8/13/2024 16:00:00,221.27,71.06,68.13,207.94,414.01,574.24,542.04
8/14/2024 16:00:00,221.72,71.93,68.66,210.24,416.86,579.67,543.75
8/15/2024 16:00:00,224.72,72.73,73.18,211.55,421.03,579.61,553.07
8/16/2024 16:00:00,226.05,72.04,73.45,213.97,418.47,577.68,554.31
8/19/2024 16:00:00,225.89,74.18,73.72,215.45,421.53,578.78,559.61
8/20/2024 16:00:00,226.51,73.31,74.54,214.52,424.8,580.65,558.7
8/21/2024 16:00:00,226.4,73.48,75.24,214.6,424.14,578.07,560.62
8/22/2024 16:00:00,224.53,73.31,75.58,216.63,415.55,578.72,556.22
8/23/2024 16:00:00,226.84,74.3,75.7,218.31,416.79,584.51,562.13
8/26/2024 16:00:00,227.18,72.61,76.03,219.17,413.49,587.13,560.79
8/27/2024 16:00:00,228.03,72.56,76.13,220.18,413.84,587.35,561.56
8/28/2024 16:00:00,226.49,71.85,76.08,221.29,410.6,588.54,558.3
8/29/2024 16:00:00,229.79,72.24,76.42,222.21,413.12,591.57,558.35
8/30/2024 16:00:00,229,73.13,77.23,224.8,417.14,590.2,563.68
9/3/2024 16:00:00,222.77,71.89,77.17,220.3,409.44,598.68,552.08
9/4/2024 16:00:00,220.85,71.56,77.24,219.33,408.9,604.18,550.95
9/5/2024 16:00:00,222.38,71.25,76.96,217.63,408.39,595.49,549.61
9/6/2024 16:00:00,220.82,69.58,76.64,212.46,401.7,596.88,540.36
9/9/2024 16:00:00,220.91,69.8,77.34,216.81,405.72,594.1,546.41
9/10/2024 16:00:00,220.11,68.99,78.81,205.56,414.2,599.03,548.79
9/11/2024 16:00:00,222.66,70.11,78.84,207.23,423.04,589.75,554.42
9/12/2024 16:00:00,222.77,68.09,79.66,206.6,427,588.42,559.09
9/13/2024 16:00:00,222.5,72.48,80.6,204.32,430.59,594.32,562.01
9/16/2024 16:00:00,216.32,71.52,80.56,207.86,431.34,589.14,562.84
9/17/2024 16:00:00,216.79,72.78,78.6,209.25,435.15,577.96,563.07
9/18/2024 16:00:00,220.69,73.5,79.03,207.53,430.81,580.65,561.4
9/19/2024 16:00:00,228.87,75.28,78.04,210.48,438.69,577.07,570.98
9/20/2024 16:00:00,228.2,73.94,79.06,211.09,435.27,575,568.25
9/23/2024 16:00:00,226.47,74.71,80.33,211.44,433.51,573.41,569.67
9/24/2024 16:00:00,227.37,77.44,80.67,211.59,429.17,575.19,571.3
9/25/2024 16:00:00,226.37,77.14,81.4,210.19,432.11,576.31,570.04
9/26/2024 16:00:00,227.52,76.69,79.92,209.78,431.31,574.81,572.3
9/27/2024 16:00:00,227.79,75.75,79.78,210.5,428.02,581.85,571.47
9/30/2024 16:00:00,233,75.16,80.75,210.86,430.3,584.68,573.76
10/1/2024 16:00:00,226.21,74.24,81.27,207.04,420.69,583.3,568.62
10/2/2024 16:00:00,226.78,72.87,80.43,207.29,417.13,592.31,568.86
10/3/2024 16:00:00,225.67,72.94,80.43,205.23,416.54,592.75,567.82
10/4/2024 16:00:00,226.8,74.28,80.94,211.22,416.06,591.2,572.98
10/7/2024 16:00:00,221.69,74.59,79.1,210.93,409.54,583.56,567.8
10/8/2024 16:00:00,225.77,76.17,79.71,210.75,414.71,581.58,573.17
10/9/2024 16:00:00,229.54,77.87,80.4,213.42,417.46,591.22,577.14
10/10/2024 16:00:00,229.04,77.92,79.61,212.84,415.84,597.7,576.13
10/11/2024 16:00:00,227.55,86.34,80.1,222.29,416.32,598.05,579.58
10/14/2024 16:00:00,231.3,84.94,80.29,221.48,419.14,605.4,584.32
10/15/2024 16:00:00,231.3,84.94,80.29,221.48,419.14,556.29,584.32
10/16/2024 16:00:00,231.78,81.9,81.22,223.64,416.12,571.34,582.3
10/17/2024 16:00:00,232.15,79.9,80.89,224.42,416.72,566.03,582.35
10/18/2024 16:00:00,235,79.16,81.31,225.37,418.16,569.61,584.59
10/21/2024 16:00:00,236.48,80.46,80.81,223,418.78,571.47,583.63
10/22/2024 16:00:00,235.86,80.41,82.02,224.12,427.51,569.86,583.32
10/23/2024 16:00:00,230.76,79.83,83.27,223.41,424.6,564.64,577.99
10/24/2024 16:00:00,230.57,78.38,83.04,224.98,424.73,560.81,579.24
10/25/2024 16:00:00,231.41,77.62,82.51,222.31,428.15,564.56,579.04
10/28/2024 16:00:00,233.4,77.69,82.75,225.5,426.59,565.24,580.83
10/30/2024 16:00:00,230.1,79.43,81.39,224.41,432.53,562.13,580.01
10/31/2024 16:00:00,225.91,72.05,81.95,221.92,406.35,562.96,568.64
11/1/2024 16:00:00,222.91,73.25,82.19,222.94,410.37,564.5,571.04
11/4/2024 16:00:00,222.01,73.25,82.45,219.78,408.46,567.56,569.81
11/5/2024 16:00:00,223.45,74.15,83.68,221.49,411.46,557.77,576.7
11/6/2024 16:00:00,222.72,74.36,83.44,247.06,420.18,567.03,591.04
11/7/2024 16:00:00,227.48,73.13,83.85,236.38,425.43,596.69,595.61
11/8/2024 16:00:00,226.96,72.04,84.83,236.98,422.54,605.45,598.19
11/11/2024 16:00:00,224.23,71.65,84.21,239.29,418.01,615.81,598.76
11/12/2024 16:00:00,224.23,71.37,84.99,239.56,423.03,625.25,596.9
11/13/2024 16:00:00,225.12,71.16,85.5,241.16,425.2,614.67,597.19
11/14/2024 16:00:00,228.22,71.44,84.47,241.87,426.89,605.87,593.35
11/15/2024 16:00:00,225,73.25,84.25,245.31,415,593.15,585.75
11/18/2024 16:00:00,228.02,69.33,84.08,245.03,415.76,592.23,588.15
11/19/2024 16:00:00,228.28,69.13,86.6,243.09,417.79,589.65,590.3
11/20/2024 16:00:00,229,69.6,87.18,240.78,415.49,577,590.5
11/21/2024 16:00:00,228.52,69.64,88.39,244.76,412.87,600.5,593.67
11/22/2024 16:00:00,229.87,71.51,90.44,248.55,417,597.49,595.51
11/25/2024 16:00:00,232.87,73.42,89.5,250.29,418.79,590.87,597.53
11/26/2024 16:00:00,235.06,71.56,91.31,249.97,427.99,605.83,600.65
11/27/2024 16:00:00,234.93,71.62,91.88,249.79,422.99,606.79,598.83
11/29/2024 13:00:00,237.33,71.96,92.5,249.72,423.46,608.38,602.55
12/2/2024 16:00:00,239.59,73.07,92.64,246.25,430.98,610.2,603.63
12/3/2024 16:00:00,242.65,71.27,93.51,244.82,431.2,608.52,603.91
12/4/2024 16:00:00,243.01,72.16,94.45,243.4,437.42,605.23,607.66
12/5/2024 16:00:00,243.04,65.23,95.3,245.48,442.62,610.79,606.66
12/6/2024 16:00:00,242.84,66.09,95.7,247.36,443.57,578.97,607.81
12/9/2024 16:00:00,246.75,65.74,93.83,243.81,446.02,549.62,604.68
12/10/2024 16:00:00,247.77,64.96,94.55,242.86,443.33,560.62,602.8
12/11/2024 16:00:00,246.49,61.18,94.96,243.53,448.99,565.19,607.46
12/12/2024 16:00:00,247.96,61.41,94.09,241.53,449.56,533.53,604.33
12/13/2024 16:00:00,248.13,59.93,94.25,239.94,447.27,515.76,604.21
12/16/2024 16:00:00,251.04,60.25,94.87,239.58,451.59,520.48,606.79
12/17/2024 16:00:00,253.48,61.03,95.42,238.36,454.46,498.5,604.29
12/18/2024 16:00:00,248.05,61.23,93.55,230.37,437.39,485.52,586.28
12/19/2024 16:00:00,249.79,60.21,93.4,232.96,437.03,499.72,586.1
12/20/2024 16:00:00,254.49,60.73,92.24,237.6,436.6,489.25,591.15
12/23/2024 16:00:00,255.27,61.87,90.35,238.39,435.25,500.13,594.69
12/24/2024 13:00:00,258.2,61.71,92.68,242.31,439.33,506.34,601.3
12/26/2024 16:00:00,259.02,61.56,92.79,243.14,438.11,506.1,601.34
12/27/2024 16:00:00,255.59,61.13,91.66,241.17,430.53,511.15,595.01
12/30/2024 16:00:00,252.2,60.77,90.57,239.32,424.83,509.99,588.22
12/31/2024 16:00:00,250.42,60.32,90.35,239.71,421.5,507.8,586.08
1/2/2025 16:00:00,243.85,63.17,90,240,418.58,505.86,584.64
1/3/2025 16:00:00,243.36,64.59,90.78,243.28,423.35,504.51,591.95
1/6/2025 16:00:00,245,66.31,91.43,240.85,427.85,513,595.36
1/7/2025 16:00:00,242.21,66.15,90.81,243.17,422.37,513.67,588.63
1/8/2025 16:00:00,242.7,64.91,91.8,243.13,424.56,514.25,589.49
1/10/2025 16:00:00,236.85,65.97,93,239.87,418.95,524.52,580.49
1/13/2025 16:00:00,234.4,65.7,91.53,244.21,417.19,520.69,581.39
1/14/2025 16:00:00,233.28,64.84,90.79,247.47,415.67,541.14,582.19
1/15/2025 16:00:00,237.87,67.02,91.34,252.35,426.31,543.74,592.78
1/16/2025 16:00:00,228.26,68.58,91.3,254.27,424.58,543.42,591.64
1/17/2025 16:00:00,229.98,67.34,91.94,259.16,429.03,510.59,597.58
1/21/2025 16:00:00,222.64,67.74,93.08,263.03,428.5,509.76,603.05
1/22/2025 16:00:00,223.83,67.82,93.23,262.84,446.2,524.99,606.44
1/23/2025 16:00:00,223.66,68.3,93.81,265.95,446.71,519.72,609.75
1/24/2025 16:00:00,222.78,68.56,94.76,264.84,444.06,529.77,607.97
1/27/2025 16:00:00,229.86,68.77,97.4,265.85,434.56,532.51,599.37
1/28/2025 16:00:00,238.26,68.07,97.29,267.14,447.2,543.52,604.52
1/29/2025 16:00:00,239.36,66.75,97.5,266.58,442.33,542.48,601.81
1/30/2025 16:00:00,237.59,66.59,98.65,268.23,414.99,538.1,605.04
1/31/2025 16:00:00,236,66.85,98.16,267.3,415.06,545.57,601.82
2/3/2025 16:00:00,228.01,67.29,99.54,266.81,410.92,542.49,597.77
2/4/2025 16:00:00,232.8,69.75,100.77,267.94,412.37,548.18,601.78
2/5/2025 16:00:00,232.47,64.48,102.46,270.43,413.29,545.45,604.22
2/6/2025 16:00:00,233.22,69.99,102.85,276.9,415.82,539.81,606.32
2/7/2025 16:00:00,227.63,74.6,101.15,275.8,409.75,530.04,600.77
2/10/2025 16:00:00,227.65,78.63,102.92,271.04,412.22,527.03,604.85
2/11/2025 16:00:00,232.62,76.95,102.47,274.99,411.44,533.37,605.31
2/12/2025 16:00:00,236.87,79.35,103.61,275.45,409.04,533.92,603.36
2/13/2025 16:00:00,241.53,80.29,105.05,276.32,410.54,527.4,609.73
2/14/2025 16:00:00,244.6,79.42,104.04,276.59,408.43,531.18,609.7
2/18/2025 16:00:00,244.47,81.49,103.78,279.95,409.64,523.51,611.49
2/19/2025 16:00:00,244.87,81.16,104,279.25,414.77,500.73,612.93
2/20/2025 16:00:00,245.83,81.26,97.21,266.8,416.13,511.04,610.38
2/21/2025 16:00:00,245.55,78.89,94.78,264.24,408.21,502.42,599.94
2/24/2025 16:00:00,247.1,76.42,93.67,261.34,404,466.42,597.21
2/25/2025 16:00:00,247.04,74.95,97.69,257.4,397.9,461.52,594.24
2/26/2025 16:00:00,240.36,75.87,96.2,258.79,399.73,470.38,594.54
2/27/2025 16:00:00,237.3,74.21,96.79,259.05,392.53,463.59,585.05
2/28/2025 16:00:00,241.84,76.01,98.61,264.65,396.99,468.56,594.18
3/3/2025 16:00:00,238.03,74.44,97.59,260.62,388.49,474.96,583.77
3/4/2025 16:00:00,235.93,75.26,94.97,250.25,388.61,467.05,576.86
3/5/2025 16:00:00,235.74,76.48,95.98,251.53,401.02,474.61,583.06
3/6/2025 16:00:00,235.33,74.96,94.64,246.54,396.89,475.98,572.71
3/7/2025 16:00:00,239.07,76.27,91.72,242.28,393.31,487.72,575.92
3/10/2025 16:00:00,227.48,73.06,87.82,232.22,380.16,493.48,560.58
3/11/2025 16:00:00,220.84,70.65,87.44,229.14,380.45,480.22,555.92
3/12/2025 16:00:00,216.98,71.2,85.2,227.9,383.27,486.04,558.87
3/13/2025 16:00:00,209.68,69.51,84.5,225.19,378.77,481.11,551.42
3/14/2025 16:00:00,213.49,71.55,85.35,232.44,388.56,481.52,562.81
3/17/2025 16:00:00,214,72.73,87.46,233.93,388.7,488.65,567.15
3/18/2025 16:00:00,212.69,71.55,85.59,234.97,383.52,499.02,561.02
3/19/2025 16:00:00,215.24,73.02,86.33,239.11,387.82,503.8,567.13
3/20/2025 16:00:00,214.1,74.35,85.81,239.01,386.84,503.2,565.49
3/21/2025 16:00:00,218.27,75.84,85.98,241.63,391.26,511.3,563.98
3/24/2025 16:00:00,220.73,76.51,87.49,248.06,393.08,516.85,574.08
3/25/2025 16:00:00,223.75,75.61,84.76,251.13,395.16,516.5,575.46
3/26/2025 16:00:00,221.53,74.18,85.21,251.03,389.97,513.43,568.59
3/27/2025 16:00:00,223.85,74.86,85.63,248.12,390.58,518.2,567.08
3/28/2025 16:00:00,217.9,72.75,85.15,242.85,378.8,515.72,555.66
3/31/2025 16:00:00,222.13,72.86,87.79,245.3,375.39,516.04,559.39
4/1/2025 16:00:00,223.19,72.99,88.83,243.66,382.19,523.75,560.97
4/2/2025 16:00:00,223.89,74.5,89.76,245.82,382.14,523.12,564.52
4/3/2025 16:00:00,203.19,69.85,87.26,228.69,373.11,523.2,536.7
4/4/2025 16:00:00,188.38,64.62,83.19,210.28,359.84,540.44,505.28
4/7/2025 16:00:00,181.46,65.64,83.83,214.44,357.86,525.05,504.38
4/8/2025 16:00:00,172.42,65.07,81.79,216.87,354.56,524.7,496.48
4/9/2025 16:00:00,198.85,72.68,89.6,234.34,390.49,553.08,548.62
4/10/2025 16:00:00,190.42,70.94,90.61,227.11,381.35,578.5,524.58
4/11/2025 16:00:00,198.15,72.28,92.8,236.2,388.45,594.4,533.94
4/14/2025 16:00:00,202.52,73.1,94.73,234.72,387.81,599.47,539.12
4/15/2025 16:00:00,202.14,74.02,93.97,233.13,385.73,587.06,537.61
4/16/2025 16:00:00,194.27,73.06,91.19,229.61,371.61,583.59,525.66
4/17/2025 16:00:00,196.98,75.24,93.22,231.96,367.78,585.04,526.41
4/21/2025 16:00:00,193.16,72.92,92.41,228.99,359.12,454.11,513.88
4/22/2025 16:00:00,199.74,74.44,94.85,235.59,366.82,425.33,527.25
4/23/2025 16:00:00,204.6,73.77,94.96,240.88,374.39,427.18,535.42
4/24/2025 16:00:00,208.37,78.1,95.84,244.64,387.3,427.96,546.69
4/25/2025 16:00:00,209.28,77.75,95.09,243.55,391.85,424.25,550.64
4/28/2025 16:00:00,210.14,78.33,95.22,243.22,391.16,418.64,550.85
4/29/2025 16:00:00,211.21,79.42,96.04,244.62,394.04,420,554.32
4/30/2025 16:00:00,212.5,81.01,97.25,244.62,395.26,409.23,554.54
5/1/2025 16:00:00,213.32,80.89,97.41,246.89,425.4,411.44,558.47
5/2/2025 16:00:00,205.35,84.28,98.75,252.51,435.28,400.68,566.76
5/5/2025 16:00:00,198.89,85.43,99.33,252.56,436.17,399.92,563.51
5/6/2025 16:00:00,198.51,85.83,98.55,249.25,433.31,404.81,558.8
5/7/2025 16:00:00,196.25,83.65,98.83,249.39,433.35,394.51,561.15
5/8/2025 16:00:00,197.49,82.3,97.43,253.47,438.17,391.06,565.06
5/9/2025 16:00:00,198.53,82.81,96.72,253.08,438.73,385.55,564.34
5/12/2025 16:00:00,210.79,88.1,96.75,260.05,449.26,380.64,582.99
5/13/2025 16:00:00,212.93,91.72,95.88,263.01,449.14,378.75,586.84
5/14/2025 16:00:00,212.33,90.41,96.83,265.64,452.94,311.38,587.59
5/15/2025 16:00:00,211.45,90.16,96.35,267.49,453.13,308.01,590.46
5/16/2025 16:00:00,211.26,91.79,98.24,267.56,454.27,274.35,594.2
5/19/2025 16:00:00,208.78,92.46,98.12,264.88,458.87,291.91,594.85
5/20/2025 16:00:00,206.86,91.87,97.8,265.68,458.17,315.89,592.85
5/21/2025 16:00:00,202.09,88.67,96.43,261.04,452.57,321.58,582.86
5/22/2025 16:00:00,202.09,88.67,96.43,261.04,454.86,302.98,582.86
5/23/2025 16:00:00,195.27,87.75,96.34,260.71,450.18,296.67,579.11
5/27/2025 16:00:00,200.21,89,97.58,265.29,460.69,295.57,591.15
5/28/2025 16:00:00,200.42,88.26,97.24,263.49,457.36,295,587.73
5/29/2025 16:00:00,199.95,84.3,97.1,264.37,458.68,298.11,590.05
5/30/2025 16:00:00,200.85,84.16,98.72,264,460.36,298.17,589.39
6/2/2025 16:00:00,201.7,83.64,99.77,264.66,461.97,301.91,592.71
6/3/2025 16:00:00,203.27,82.53,99.98,266.27,462.97,304.72,596.09
6/4/2025 16:00:00,202.82,83.45,99.35,264.22,463.87,301.22,595.93
6/5/2025 16:00:00,200.63,84.67,97.96,261.95,467.68,300.38,593.05
6/6/2025 16:00:00,203.92,85.6,97.47,265.73,470.38,295.84,599.14
6/9/2025 16:00:00,201.45,87.12,97.45,266.74,472.75,303.22,599.68
6/10/2025 16:00:00,202.67,86.39,97.32,268.6,470.92,303.19,603.08
6/11/2025 16:00:00,198.78,86.58,95.8,268.15,472.62,303.79,601.36
6/12/2025 16:00:00,199.2,85.62,94.83,268.24,478.87,310.56,603.75
6/13/2025 16:00:00,196.45,83.93,94.44,264.95,474.96,318.5,597
6/16/2025 16:00:00,198.42,85.12,94.29,270.36,479.14,313.53,602.68
6/17/2025 16:00:00,195.64,84.76,94.25,269.52,478.04,307.66,597.53
6/18/2025 16:00:00,196.58,83.44,95.09,273.96,480.24,308.87,597.44
6/20/2025 16:00:00,201,83.78,96.12,275,477.4,307.2,594.28
6/23/2025 16:00:00,201.5,85.24,97.87,278.27,486,302.01,600.15
6/24/2025 16:00:00,200.3,91.65,98,281.26,490.11,300.68,606.78
6/25/2025 16:00:00,201.56,90.9,97.26,284.06,492.27,305.62,607.12
6/26/2025 16:00:00,201,93.12,96.02,288.75,497.45,302.02,611.87
6/27/2025 16:00:00,201.08,91.53,97.27,287.11,495.94,302.62,614.91
6/30/2025 16:00:00,205.17,93.3,97.78,289.91,497.41,309.11,617.85
7/1/2025 16:00:00,207.82,92.13,98.24,290.41,492.05,311.97,617.65
7/2/2025 16:00:00,212.44,92.05,97.61,292,491.09,326.14,620.45
7/3/2025 13:00:00,213.55,93.63,98.36,296,498.84,307.56,625.34
7/7/2025 16:00:00,209.95,96.68,99.35,291.97,497.72,308.55,620.68
7/8/2025 16:00:00,210.01,97.48,97.09,282.78,496.62,303.71,620.34
7/9/2025 16:00:00,211.14,96.64,96.81,283.16,503.51,307.7,624.06
7/10/2025 16:00:00,212.41,96.4,94.86,288.19,501.48,302.91,625.82
7/11/2025 16:00:00,211.16,95.39,94.4,286.86,503.32,299.51,623.62
7/14/2025 16:00:00,208.62,93.89,95.78,288.7,503.02,304.1,624.81
7/15/2025 16:00:00,209.11,92.21,95.39,286.55,505.82,300.58,622.14
7/16/2025 16:00:00,210.16,90.75,95.15,285.82,505.62,291.71,624.22
7/17/2025 16:00:00,210.02,90.5,95.09,289.9,511.7,292.49,628.04
7/18/2025 16:00:00,211.18,90.59,95.05,291.27,510.05,288.07,627.58
7/21/2025 16:00:00,212.48,91.16,95.67,290.97,510.06,282.65,628.77
7/22/2025 16:00:00,214.4,91.79,95.85,291.43,505.27,282.14,628.86
7/23/2025 16:00:00,214.15,89.94,95.68,296.76,505.87,285.13,634.21
7/24/2025 16:00:00,213.76,90.87,96.6,296.55,510.88,292.51,634.42
7/25/2025 16:00:00,213.88,91.29,97.47,298.62,513.71,278.58,637.1
7/28/2025 16:00:00,214.05,90.6,97.61,298.28,512.5,281.06,636.94
7/29/2025 16:00:00,211.27,87.11,98.33,297.04,512.57,282.12,635.26
7/30/2025 16:00:00,209.05,87.64,97.59,299.63,513.24,261.07,634.46
7/31/2025 16:00:00,207.57,87.75,97.98,296.24,533.5,266.04,632.08
8/1/2025 16:00:00,202.38,86.91,98.49,289.37,524.11,249.56,621.72
8/4/2025 16:00:00,203.35,88.43,99.59,294.26,535.64,237.77,631.17
8/5/2025 16:00:00,202.92,89.39,99.31,291.37,527.75,240.98,627.97
8/6/2025 16:00:00,213.25,89.22,103.36,291.35,524.94,251,632.78
8/7/2025 16:00:00,220.03,92.67,103.12,286.94,520.84,245.78,632.25
8/8/2025 16:00:00,229.35,89.56,103.73,288.76,522.04,244.67,637.18
8/11/2025 16:00:00,227.18,90.58,103.93,289.56,521.77,250.89,635.92
8/12/2025 16:00:00,229.65,91.73,103.62,292.85,529.24,252.37,642.69
8/13/2025 16:00:00,233.33,90.83,100.99,290.53,520.58,261.57,644.89
8/14/2025 16:00:00,232.78,91.4,100.85,294.16,522.48,271.81,644.95
8/15/2025 16:00:00,231.59,92.6,100,290.49,520.17,271.49,643.44
8/18/2025 16:00:00,230.89,93.98,100.7,291.53,517.1,304.01,643.3
8/19/2025 16:00:00,230.56,95.32,101.29,290.66,509.77,308.49,639.81
8/20/2025 16:00:00,226.01,93.73,102.57,292.24,505.72,304.24,638.11
8/21/2025 16:00:00,224.9,94.23,97.96,291.47,504.24,299.84,635.55
8/22/2025 16:00:00,227.76,96.79,96.83,296.24,507.23,303.35,645.31
8/25/2025 16:00:00,227.16,95.16,96.07,294.9,504.26,307.42,642.47
8/26/2025 16:00:00,229.31,96.53,96.05,298.57,502.04,304.86,645.16
8/27/2025 16:00:00,230.49,95.33,96.08,299.28,506.74,300.43,646.63
8/28/2025 16:00:00,232.56,95.96,96.11,301.07,509.64,303.88,648.92
8/29/2025 16:00:00,232.14,93.75,96.98,301.42,506.69,302.29,645.05
9/2/2025 16:00:00,229.72,92.81,97.85,299.7,505.12,309.87,640.27
9/3/2025 16:00:00,238.47,92.94,99.44,299.51,505.35,308.8,643.74
9/4/2025 16:00:00,239.78,91.98,100.93,303.82,507.97,307.88,649.12
9/5/2025 16:00:00,239.69,90.99,100.51,294.38,495,310.38,647.24
9/8/2025 16:00:00,237.88,94.36,102.28,292.91,498.2,315.39,648.83
9/9/2025 16:00:00,234.35,95.45,102.29,297.85,498.41,320.25,650.33
9/10/2025 16:00:00,226.79,94.21,100.41,300.54,500.37,347.92,652.21
9/11/2025 16:00:00,230.03,94.68,102.65,305.56,501.01,346.78,657.63
9/12/2025 16:00:00,234.07,95.89,103.49,306.91,509.9,353.61,657.41
9/15/2025 16:00:00,236.7,98.85,103.69,308.9,515.36,352.51,660.91
9/16/2025 16:00:00,238.15,97.83,103.42,309.19,509.04,347.89,660
9/17/2025 16:00:00,238.99,92.95,104.27,311.75,510.02,339.78,659.18
9/18/2025 16:00:00,237.88,94.7,103.6,313.23,508.45,341.61,662.26
9/19/2025 16:00:00,245.5,98.51,102.33,314.78,517.93,334.82,663.7
9/22/2025 16:00:00,256.08,99.39,102.82,312.44,514.45,336.69,666.84
9/23/2025 16:00:00,254.43,97.8,102.52,312.74,509.23,341.3,663.21
9/24/2025 16:00:00,254.43,97.8,102.52,312.74,509.23,347.69,663.21
9/26/2025 16:00:00,255.46,98.45,103.16,316.06,511.46,351.81,661.82
9/29/2025 16:00:00,254.43,99.57,103.08,315.69,514.6,345.56,663.68
9/30/2025 16:00:00,254.63,97.97,103.06,315.43,517.95,344.08,666.18
10/1/2025 16:00:00,255.45,96.61,101.96,310.71,519.71,345.18,668.45
10/2/2025 16:00:00,257.13,96.61,101.7,307.55,515.74,345.3,669.22
10/3/2025 16:00:00,258.02,96.6,102.07,310.03,517.35,348.3,669.21
10/6/2025 16:00:00,256.69,100.1,102.7,309.18,528.57,353.72,671.61
10/7/2025 16:00:00,256.48,97.8,103.24,307.69,523.98,360.2,669.12
10/8/2025 16:00:00,258.06,99.28,102.9,304.03,524.85,358.77,673.11
10/9/2025 16:00:00,254.04,96,101.77,305.53,522.4,363.66,671.16
10/10/2025 16:00:00,245.27,93.4,101.84,300.89,510.96,369.92,653.02
10/13/2025 16:00:00,247.66,94.08,102.12,307.97,514.05,367.69,663.04
10/14/2025 16:00:00,247.77,94.25,107.21,302.08,513.57,354.5,662.23
10/15/2025 16:00:00,249.34,94.52,109.03,305.69,513.43,358.66,665.17
10/16/2025 16:00:00,247.45,92.52,106.47,298.54,511.61,359.93,660.64
10/17/2025 16:00:00,252.29,92.3,107.73,297.56,513.58,361.15,664.39
10/20/2025 16:00:00,262.24,93.7,107.05,302.36,516.79,356.67,671.3
10/21/2025 16:00:00,262.77,93.03,106.22,297.09,517.66,356.6,671.29
10/22/2025 16:00:00,258.45,92.21,107.14,294.11,520.54,364.48,667.8
10/23/2025 16:00:00,259.58,94.61,106.86,294.54,520.56,365.37,671.76
10/24/2025 16:00:00,262.82,94.07,106.17,300.44,523.61,361.49,677.25
10/27/2025 16:00:00,268.81,96.42,104.47,304.15,531.52,360.45,685.24
10/28/2025 16:00:00,269,95.43,103.17,305.36,542.07,362.5,687.06
10/29/2025 16:00:00,269.7,95.76,102.46,305.51,541.55,365.98,687.39
10/30/2025 16:00:00,271.4,96.49,102.23,309.44,525.76,367.84,679.83
10/31/2025 16:00:00,270.37,96.5,101.18,311.12,517.81,355.26,682.06
11/3/2025 16:00:00,269.05,99.72,101.59,309.35,517.03,344.75,683.34
11/4/2025 16:00:00,270.04,94.67,102.27,309.25,514.33,341.56,675.24
11/5/2025 16:00:00,270.14,92.75,101.47,311.68,507.16,333.79,677.58
11/6/2025 16:00:00,269.77,92.12,101.68,313.42,497.1,330.83,670.31
11/7/2025 16:00:00,268.47,91.99,102.59,314.21,496.82,327.74,670.97